t,timestamp,value,regime_hint,source_y_name,y_units,anomaly,changepoint,original_index,source_y_name_ru,recommended_group,source_dataset
0,2020-03-09 10:34:33,32.0,normal_mode,flow rate in pump loop,L/min,0.0,0.0,0,расход жидкости в циркуляционном контуре насоса,main_recommended,SKAB
1,2020-03-09 10:34:36,32.9986,normal_mode,flow rate in pump loop,L/min,0.0,0.0,2,расход жидкости в циркуляционном контуре насоса,main_recommended,SKAB
2,2020-03-09 10:34:38,32.0,normal_mode,flow rate in pump loop,L/min,0.0,0.0,4,расход жидкости в циркуляционном контуре насоса,main_recommended,SKAB
3,2020-03-09 10:34:42,32.0,normal_mode,flow rate in pump loop,L/min,0.0,0.0,6,расход жидкости в циркуляционном контуре насоса,main_recommended,SKAB
4,2020-03-09 10:34:44,32.0015,normal_mode,flow rate in pump loop,L/min,0.0,0.0,8,расход жидкости в циркуляционном контуре насоса,main_recommended,SKAB
5,2020-03-09 10:34:46,32.0,normal_mode,flow rate in pump loop,L/min,0.0,0.0,10,расход жидкости в циркуляционном контуре насоса,main_recommended,SKAB
6,2020-03-09 10:34:48,32.0015,normal_mode,flow rate in pump loop,L/min,0.0,0.0,12,расход жидкости в циркуляционном контуре насоса,main_recommended,SKAB
7,2020-03-09 10:34:51,32.0,normal_mode,flow rate in pump loop,L/min,0.0,0.0,14,расход жидкости в циркуляционном контуре насоса,main_recommended,SKAB
8,2020-03-09 10:34:53,32.9986,normal_mode,flow rate in pump loop,L/min,0.0,0.0,16,расход жидкости в циркуляционном контуре насоса,main_recommended,SKAB
9,2020-03-09 10:34:55,32.9986,normal_mode,flow rate in pump loop,L/min,0.0,0.0,18,расход жидкости в циркуляционном контуре насоса,main_recommended,SKAB
10,2020-03-09 10:34:58,32.0,normal_mode,flow rate in pump loop,L/min,0.0,0.0,20,расход жидкости в циркуляционном контуре насоса,main_recommended,SKAB
11,2020-03-09 10:35:00,32.0015,normal_mode,flow rate in pump loop,L/min,0.0,0.0,22,расход жидкости в циркуляционном контуре насоса,main_recommended,SKAB
12,2020-03-09 10:35:02,32.0,normal_mode,flow rate in pump loop,L/min,0.0,0.0,24,расход жидкости в циркуляционном контуре насоса,main_recommended,SKAB
13,2020-03-09 10:35:05,32.9986,normal_mode,flow rate in pump loop,L/min,0.0,0.0,26,расход жидкости в циркуляционном контуре насоса,main_recommended,SKAB
14,2020-03-09 10:35:08,32.0,normal_mode,flow rate in pump loop,L/min,0.0,0.0,28,расход жидкости в циркуляционном контуре насоса,main_recommended,SKAB
15,2020-03-09 10:35:10,32.0,normal_mode,flow rate in pump loop,L/min,0.0,0.0,30,расход жидкости в циркуляционном контуре насоса,main_recommended,SKAB
16,2020-03-09 10:35:12,32.0,normal_mode,flow rate in pump loop,L/min,0.0,0.0,32,расход жидкости в циркуляционном контуре насоса,main_recommended,SKAB
17,2020-03-09 10:35:15,32.0,normal_mode,flow rate in pump loop,L/min,0.0,0.0,34,расход жидкости в циркуляционном контуре насоса,main_recommended,SKAB
18,2020-03-09 10:35:17,31.9986,normal_mode,flow rate in pump loop,L/min,0.0,0.0,36,расход жидкости в циркуляционном контуре насоса,main_recommended,SKAB
19,2020-03-09 10:35:19,32.0,normal_mode,flow rate in pump loop,L/min,0.0,0.0,38,расход жидкости в циркуляционном контуре насоса,main_recommended,SKAB
20,2020-03-09 10:35:21,32.0,normal_mode,flow rate in pump loop,L/min,0.0,0.0,40,расход жидкости в циркуляционном контуре насоса,main_recommended,SKAB
21,2020-03-09 10:35:27,32.0,normal_mode,flow rate in pump loop,L/min,0.0,0.0,44,расход жидкости в циркуляционном контуре насоса,main_recommended,SKAB
22,2020-03-09 10:35:29,31.9986,normal_mode,flow rate in pump loop,L/min,0.0,0.0,46,расход жидкости в циркуляционном контуре насоса,main_recommended,SKAB
23,2020-03-09 10:35:32,31.0015,normal_mode,flow rate in pump loop,L/min,0.0,0.0,48,расход жидкости в циркуляционном контуре насоса,main_recommended,SKAB
24,2020-03-09 10:35:34,32.0,normal_mode,flow rate in pump loop,L/min,0.0,0.0,50,расход жидкости в циркуляционном контуре насоса,main_recommended,SKAB
25,2020-03-09 10:35:36,31.9986,normal_mode,flow rate in pump loop,L/min,0.0,0.0,52,расход жидкости в циркуляционном контуре насоса,main_recommended,SKAB
26,2020-03-09 10:35:38,32.0,normal_mode,flow rate in pump loop,L/min,0.0,0.0,54,расход жидкости в циркуляционном контуре насоса,main_recommended,SKAB
27,2020-03-09 10:35:41,31.9986,normal_mode,flow rate in pump loop,L/min,0.0,0.0,56,расход жидкости в циркуляционном контуре насоса,main_recommended,SKAB
28,2020-03-09 10:35:44,32.0,normal_mode,flow rate in pump loop,L/min,0.0,0.0,58,расход жидкости в циркуляционном контуре насоса,main_recommended,SKAB
29,2020-03-09 10:35:46,32.0,normal_mode,flow rate in pump loop,L/min,0.0,0.0,60,расход жидкости в циркуляционном контуре насоса,main_recommended,SKAB
30,2020-03-09 10:35:49,32.0,normal_mode,flow rate in pump loop,L/min,0.0,0.0,62,расход жидкости в циркуляционном контуре насоса,main_recommended,SKAB
31,2020-03-09 10:35:51,32.0,normal_mode,flow rate in pump loop,L/min,0.0,0.0,64,расход жидкости в циркуляционном контуре насоса,main_recommended,SKAB
32,2020-03-09 10:35:53,32.0,normal_mode,flow rate in pump loop,L/min,0.0,0.0,66,расход жидкости в циркуляционном контуре насоса,main_recommended,SKAB
33,2020-03-09 10:35:55,32.0,normal_mode,flow rate in pump loop,L/min,0.0,0.0,68,расход жидкости в циркуляционном контуре насоса,main_recommended,SKAB
34,2020-03-09 10:35:58,32.0,normal_mode,flow rate in pump loop,L/min,0.0,0.0,70,расход жидкости в циркуляционном контуре насоса,main_recommended,SKAB
35,2020-03-09 10:36:00,32.0,normal_mode,flow rate in pump loop,L/min,0.0,0.0,72,расход жидкости в циркуляционном контуре насоса,main_recommended,SKAB
36,2020-03-09 10:36:02,32.9986,normal_mode,flow rate in pump loop,L/min,0.0,0.0,74,расход жидкости в циркуляционном контуре насоса,main_recommended,SKAB
37,2020-03-09 10:36:05,32.0,normal_mode,flow rate in pump loop,L/min,0.0,0.0,76,расход жидкости в циркуляционном контуре насоса,main_recommended,SKAB
38,2020-03-09 10:36:08,32.0,normal_mode,flow rate in pump loop,L/min,0.0,0.0,78,расход жидкости в циркуляционном контуре насоса,main_recommended,SKAB
39,2020-03-09 10:36:10,32.9986,normal_mode,flow rate in pump loop,L/min,0.0,0.0,80,расход жидкости в циркуляционном контуре насоса,main_recommended,SKAB
40,2020-03-09 10:36:12,32.0,normal_mode,flow rate in pump loop,L/min,0.0,0.0,82,расход жидкости в циркуляционном контуре насоса,main_recommended,SKAB
41,2020-03-09 10:36:15,32.0,normal_mode,flow rate in pump loop,L/min,0.0,0.0,84,расход жидкости в циркуляционном контуре насоса,main_recommended,SKAB
42,2020-03-09 10:36:17,32.0,normal_mode,flow rate in pump loop,L/min,0.0,0.0,86,расход жидкости в циркуляционном контуре насоса,main_recommended,SKAB
43,2020-03-09 10:36:19,32.0,normal_mode,flow rate in pump loop,L/min,0.0,0.0,88,расход жидкости в циркуляционном контуре насоса,main_recommended,SKAB
44,2020-03-09 10:36:22,32.0,normal_mode,flow rate in pump loop,L/min,0.0,0.0,90,расход жидкости в циркуляционном контуре насоса,main_recommended,SKAB
45,2020-03-09 10:36:24,32.0,normal_mode,flow rate in pump loop,L/min,0.0,0.0,92,расход жидкости в циркуляционном контуре насоса,main_recommended,SKAB
46,2020-03-09 10:36:26,32.0012,normal_mode,flow rate in pump loop,L/min,0.0,0.0,94,расход жидкости в циркуляционном контуре насоса,main_recommended,SKAB
47,2020-03-09 10:36:28,32.0,normal_mode,flow rate in pump loop,L/min,0.0,0.0,96,расход жидкости в циркуляционном контуре насоса,main_recommended,SKAB
48,2020-03-09 10:36:32,32.9988,normal_mode,flow rate in pump loop,L/min,0.0,0.0,98,расход жидкости в циркуляционном контуре насоса,main_recommended,SKAB
49,2020-03-09 10:36:34,32.9988,normal_mode,flow rate in pump loop,L/min,0.0,0.0,100,расход жидкости в циркуляционном контуре насоса,main_recommended,SKAB
50,2020-03-09 10:36:36,32.0,normal_mode,flow rate in pump loop,L/min,0.0,0.0,102,расход жидкости в циркуляционном контуре насоса,main_recommended,SKAB
51,2020-03-09 10:36:39,32.9988,normal_mode,flow rate in pump loop,L/min,0.0,0.0,104,расход жидкости в циркуляционном контуре насоса,main_recommended,SKAB
52,2020-03-09 10:36:41,32.0,normal_mode,flow rate in pump loop,L/min,0.0,0.0,106,расход жидкости в циркуляционном контуре насоса,main_recommended,SKAB
53,2020-03-09 10:36:43,32.0,normal_mode,flow rate in pump loop,L/min,0.0,0.0,108,расход жидкости в циркуляционном контуре насоса,main_recommended,SKAB
54,2020-03-09 10:36:46,32.9988,normal_mode,flow rate in pump loop,L/min,0.0,0.0,110,расход жидкости в циркуляционном контуре насоса,main_recommended,SKAB
55,2020-03-09 10:36:48,32.0,normal_mode,flow rate in pump loop,L/min,0.0,0.0,112,расход жидкости в циркуляционном контуре насоса,main_recommended,SKAB
56,2020-03-09 10:36:50,32.9988,normal_mode,flow rate in pump loop,L/min,0.0,0.0,114,расход жидкости в циркуляционном контуре насоса,main_recommended,SKAB
57,2020-03-09 10:36:52,32.0012,normal_mode,flow rate in pump loop,L/min,0.0,0.0,116,расход жидкости в циркуляционном контуре насоса,main_recommended,SKAB
58,2020-03-09 10:36:56,32.0012,normal_mode,flow rate in pump loop,L/min,0.0,0.0,118,расход жидкости в циркуляционном контуре насоса,main_recommended,SKAB
59,2020-03-09 10:36:58,32.0,normal_mode,flow rate in pump loop,L/min,0.0,0.0,120,расход жидкости в циркуляционном контуре насоса,main_recommended,SKAB
60,2020-03-09 10:37:00,32.0,normal_mode,flow rate in pump loop,L/min,0.0,0.0,122,расход жидкости в циркуляционном контуре насоса,main_recommended,SKAB
61,2020-03-09 10:37:05,32.0,normal_mode,flow rate in pump loop,L/min,0.0,0.0,126,расход жидкости в циркуляционном контуре насоса,main_recommended,SKAB
62,2020-03-09 10:37:07,32.9976,normal_mode,flow rate in pump loop,L/min,0.0,0.0,128,расход жидкости в циркуляционном контуре насоса,main_recommended,SKAB
63,2020-03-09 10:37:09,32.0,normal_mode,flow rate in pump loop,L/min,0.0,0.0,130,расход жидкости в циркуляционном контуре насоса,main_recommended,SKAB
64,2020-03-09 10:37:12,32.9988,normal_mode,flow rate in pump loop,L/min,0.0,0.0,132,расход жидкости в циркуляционном контуре насоса,main_recommended,SKAB
65,2020-03-09 10:37:14,32.0,normal_mode,flow rate in pump loop,L/min,0.0,0.0,134,расход жидкости в циркуляционном контуре насоса,main_recommended,SKAB
66,2020-03-09 10:37:16,32.0012,normal_mode,flow rate in pump loop,L/min,0.0,0.0,136,расход жидкости в циркуляционном контуре насоса,main_recommended,SKAB
67,2020-03-09 10:37:20,32.0,normal_mode,flow rate in pump loop,L/min,0.0,0.0,138,расход жидкости в циркуляционном контуре насоса,main_recommended,SKAB
68,2020-03-09 10:37:22,32.0012,normal_mode,flow rate in pump loop,L/min,0.0,0.0,140,расход жидкости в циркуляционном контуре насоса,main_recommended,SKAB
69,2020-03-09 10:37:24,32.0,normal_mode,flow rate in pump loop,L/min,0.0,0.0,142,расход жидкости в циркуляционном контуре насоса,main_recommended,SKAB
70,2020-03-09 10:37:27,32.0,normal_mode,flow rate in pump loop,L/min,0.0,0.0,144,расход жидкости в циркуляционном контуре насоса,main_recommended,SKAB
71,2020-03-09 10:37:29,32.0,normal_mode,flow rate in pump loop,L/min,0.0,0.0,146,расход жидкости в циркуляционном контуре насоса,main_recommended,SKAB
72,2020-03-09 10:37:32,32.9988,normal_mode,flow rate in pump loop,L/min,0.0,0.0,148,расход жидкости в циркуляционном контуре насоса,main_recommended,SKAB
73,2020-03-09 10:37:34,32.0,normal_mode,flow rate in pump loop,L/min,0.0,0.0,150,расход жидкости в циркуляционном контуре насоса,main_recommended,SKAB
74,2020-03-09 10:37:37,32.0,normal_mode,flow rate in pump loop,L/min,0.0,0.0,152,расход жидкости в циркуляционном контуре насоса,main_recommended,SKAB
75,2020-03-09 10:37:39,32.9988,normal_mode,flow rate in pump loop,L/min,0.0,0.0,154,расход жидкости в циркуляционном контуре насоса,main_recommended,SKAB
76,2020-03-09 10:37:41,32.0,normal_mode,flow rate in pump loop,L/min,0.0,0.0,156,расход жидкости в циркуляционном контуре насоса,main_recommended,SKAB
77,2020-03-09 10:37:44,32.9988,normal_mode,flow rate in pump loop,L/min,0.0,0.0,158,расход жидкости в циркуляционном контуре насоса,main_recommended,SKAB
78,2020-03-09 10:37:46,32.0,normal_mode,flow rate in pump loop,L/min,0.0,0.0,160,расход жидкости в циркуляционном контуре насоса,main_recommended,SKAB
79,2020-03-09 10:37:48,32.0012,normal_mode,flow rate in pump loop,L/min,0.0,0.0,162,расход жидкости в циркуляционном контуре насоса,main_recommended,SKAB
80,2020-03-09 10:37:50,32.0,normal_mode,flow rate in pump loop,L/min,0.0,0.0,164,расход жидкости в циркуляционном контуре насоса,main_recommended,SKAB
81,2020-03-09 10:37:54,32.0,normal_mode,flow rate in pump loop,L/min,0.0,0.0,166,расход жидкости в циркуляционном контуре насоса,main_recommended,SKAB
82,2020-03-09 10:37:56,32.0012,normal_mode,flow rate in pump loop,L/min,0.0,0.0,168,расход жидкости в циркуляционном контуре насоса,main_recommended,SKAB
83,2020-03-09 10:37:58,32.9988,normal_mode,flow rate in pump loop,L/min,0.0,0.0,170,расход жидкости в циркуляционном контуре насоса,main_recommended,SKAB
84,2020-03-09 10:38:01,32.0,normal_mode,flow rate in pump loop,L/min,0.0,0.0,172,расход жидкости в циркуляционном контуре насоса,main_recommended,SKAB
85,2020-03-09 10:38:03,32.0012,normal_mode,flow rate in pump loop,L/min,0.0,0.0,174,расход жидкости в циркуляционном контуре насоса,main_recommended,SKAB
86,2020-03-09 10:38:05,32.0,normal_mode,flow rate in pump loop,L/min,0.0,0.0,176,расход жидкости в циркуляционном контуре насоса,main_recommended,SKAB
87,2020-03-09 10:38:07,32.0,normal_mode,flow rate in pump loop,L/min,0.0,0.0,178,расход жидкости в циркуляционном контуре насоса,main_recommended,SKAB
88,2020-03-09 10:38:10,32.9988,normal_mode,flow rate in pump loop,L/min,0.0,0.0,180,расход жидкости в циркуляционном контуре насоса,main_recommended,SKAB
89,2020-03-09 10:38:12,32.0,normal_mode,flow rate in pump loop,L/min,0.0,0.0,182,расход жидкости в циркуляционном контуре насоса,main_recommended,SKAB
90,2020-03-09 10:38:14,32.0,normal_mode,flow rate in pump loop,L/min,0.0,0.0,184,расход жидкости в циркуляционном контуре насоса,main_recommended,SKAB
91,2020-03-09 10:38:17,32.0,normal_mode,flow rate in pump loop,L/min,0.0,0.0,186,расход жидкости в циркуляционном контуре насоса,main_recommended,SKAB
92,2020-03-09 10:38:20,32.0,normal_mode,flow rate in pump loop,L/min,0.0,0.0,188,расход жидкости в циркуляционном контуре насоса,main_recommended,SKAB
93,2020-03-09 10:38:22,32.0,normal_mode,flow rate in pump loop,L/min,0.0,0.0,190,расход жидкости в циркуляционном контуре насоса,main_recommended,SKAB
94,2020-03-09 10:38:25,32.0,normal_mode,flow rate in pump loop,L/min,0.0,0.0,192,расход жидкости в циркуляционном контуре насоса,main_recommended,SKAB
95,2020-03-09 10:38:27,32.001,normal_mode,flow rate in pump loop,L/min,0.0,0.0,194,расход жидкости в циркуляционном контуре насоса,main_recommended,SKAB
96,2020-03-09 10:38:29,32.999,normal_mode,flow rate in pump loop,L/min,0.0,0.0,196,расход жидкости в циркуляционном контуре насоса,main_recommended,SKAB
97,2020-03-09 10:38:31,32.999,normal_mode,flow rate in pump loop,L/min,0.0,0.0,198,расход жидкости в циркуляционном контуре насоса,main_recommended,SKAB
98,2020-03-09 10:38:34,32.999,normal_mode,flow rate in pump loop,L/min,0.0,0.0,200,расход жидкости в циркуляционном контуре насоса,main_recommended,SKAB
99,2020-03-09 10:38:36,32.0,normal_mode,flow rate in pump loop,L/min,0.0,0.0,202,расход жидкости в циркуляционном контуре насоса,main_recommended,SKAB
100,2020-03-09 10:38:42,32.0,normal_mode,flow rate in pump loop,L/min,0.0,0.0,206,расход жидкости в циркуляционном контуре насоса,main_recommended,SKAB
101,2020-03-09 10:38:44,32.001,normal_mode,flow rate in pump loop,L/min,0.0,0.0,208,расход жидкости в циркуляционном контуре насоса,main_recommended,SKAB
102,2020-03-09 10:38:46,32.0,normal_mode,flow rate in pump loop,L/min,0.0,0.0,210,расход жидкости в циркуляционном контуре насоса,main_recommended,SKAB
103,2020-03-09 10:38:48,32.0,normal_mode,flow rate in pump loop,L/min,0.0,0.0,212,расход жидкости в циркуляционном контуре насоса,main_recommended,SKAB
104,2020-03-09 10:38:51,32.0,normal_mode,flow rate in pump loop,L/min,0.0,0.0,214,расход жидкости в циркуляционном контуре насоса,main_recommended,SKAB
105,2020-03-09 10:38:53,32.0,normal_mode,flow rate in pump loop,L/min,0.0,0.0,216,расход жидкости в циркуляционном контуре насоса,main_recommended,SKAB
106,2020-03-09 10:38:55,32.001,normal_mode,flow rate in pump loop,L/min,0.0,0.0,218,расход жидкости в циркуляционном контуре насоса,main_recommended,SKAB
107,2020-03-09 10:38:57,32.999,normal_mode,flow rate in pump loop,L/min,0.0,0.0,220,расход жидкости в циркуляционном контуре насоса,main_recommended,SKAB
108,2020-03-09 10:39:01,32.0,normal_mode,flow rate in pump loop,L/min,0.0,0.0,222,расход жидкости в циркуляционном контуре насоса,main_recommended,SKAB
109,2020-03-09 10:39:03,32.0,normal_mode,flow rate in pump loop,L/min,0.0,0.0,224,расход жидкости в циркуляционном контуре насоса,main_recommended,SKAB
110,2020-03-09 10:39:05,32.0,normal_mode,flow rate in pump loop,L/min,0.0,0.0,226,расход жидкости в циркуляционном контуре насоса,main_recommended,SKAB
111,2020-03-09 10:39:08,32.999,normal_mode,flow rate in pump loop,L/min,0.0,0.0,228,расход жидкости в циркуляционном контуре насоса,main_recommended,SKAB
112,2020-03-09 10:39:10,32.0,normal_mode,flow rate in pump loop,L/min,0.0,0.0,230,расход жидкости в циркуляционном контуре насоса,main_recommended,SKAB
113,2020-03-09 10:39:12,32.999,normal_mode,flow rate in pump loop,L/min,0.0,0.0,232,расход жидкости в циркуляционном контуре насоса,main_recommended,SKAB
114,2020-03-09 10:39:15,32.999,normal_mode,flow rate in pump loop,L/min,0.0,0.0,234,расход жидкости в циркуляционном контуре насоса,main_recommended,SKAB
115,2020-03-09 10:39:17,32.0,normal_mode,flow rate in pump loop,L/min,0.0,0.0,236,расход жидкости в циркуляционном контуре насоса,main_recommended,SKAB
116,2020-03-09 10:39:19,32.0,normal_mode,flow rate in pump loop,L/min,0.0,0.0,238,расход жидкости в циркуляционном контуре насоса,main_recommended,SKAB
117,2020-03-09 10:39:21,32.001,normal_mode,flow rate in pump loop,L/min,0.0,0.0,240,расход жидкости в циркуляционном контуре насоса,main_recommended,SKAB
118,2020-03-09 10:39:25,32.0,normal_mode,flow rate in pump loop,L/min,0.0,0.0,242,расход жидкости в циркуляционном контуре насоса,main_recommended,SKAB
119,2020-03-09 10:39:27,32.0,normal_mode,flow rate in pump loop,L/min,0.0,0.0,244,расход жидкости в циркуляционном контуре насоса,main_recommended,SKAB
120,2020-03-09 10:39:29,32.0,normal_mode,flow rate in pump loop,L/min,0.0,0.0,246,расход жидкости в циркуляционном контуре насоса,main_recommended,SKAB
121,2020-03-09 10:39:32,32.0,normal_mode,flow rate in pump loop,L/min,0.0,0.0,248,расход жидкости в циркуляционном контуре насоса,main_recommended,SKAB
122,2020-03-09 10:39:34,32.0,normal_mode,flow rate in pump loop,L/min,0.0,0.0,250,расход жидкости в циркуляционном контуре насоса,main_recommended,SKAB
123,2020-03-09 10:39:36,32.001,normal_mode,flow rate in pump loop,L/min,0.0,0.0,252,расход жидкости в циркуляционном контуре насоса,main_recommended,SKAB
124,2020-03-09 10:39:38,32.0,normal_mode,flow rate in pump loop,L/min,0.0,0.0,254,расход жидкости в циркуляционном контуре насоса,main_recommended,SKAB
125,2020-03-09 10:39:41,32.0,normal_mode,flow rate in pump loop,L/min,0.0,0.0,256,расход жидкости в циркуляционном контуре насоса,main_recommended,SKAB
126,2020-03-09 10:39:44,32.0,normal_mode,flow rate in pump loop,L/min,0.0,0.0,258,расход жидкости в циркуляционном контуре насоса,main_recommended,SKAB
127,2020-03-09 10:39:46,32.001,normal_mode,flow rate in pump loop,L/min,0.0,0.0,260,расход жидкости в циркуляционном контуре насоса,main_recommended,SKAB
128,2020-03-09 10:39:49,32.001,normal_mode,flow rate in pump loop,L/min,0.0,0.0,262,расход жидкости в циркуляционном контуре насоса,main_recommended,SKAB
129,2020-03-09 10:39:51,32.0,normal_mode,flow rate in pump loop,L/min,0.0,0.0,264,расход жидкости в циркуляционном контуре насоса,main_recommended,SKAB
130,2020-03-09 10:39:53,32.999,normal_mode,flow rate in pump loop,L/min,0.0,0.0,266,расход жидкости в циркуляционном контуре насоса,main_recommended,SKAB
131,2020-03-09 10:39:55,32.0,normal_mode,flow rate in pump loop,L/min,0.0,0.0,268,расход жидкости в циркуляционном контуре насоса,main_recommended,SKAB
132,2020-03-09 10:39:58,32.0,normal_mode,flow rate in pump loop,L/min,0.0,0.0,270,расход жидкости в циркуляционном контуре насоса,main_recommended,SKAB
133,2020-03-09 10:40:00,32.001,normal_mode,flow rate in pump loop,L/min,0.0,0.0,272,расход жидкости в циркуляционном контуре насоса,main_recommended,SKAB
134,2020-03-09 10:40:02,32.0,normal_mode,flow rate in pump loop,L/min,0.0,0.0,274,расход жидкости в циркуляционном контуре насоса,main_recommended,SKAB
135,2020-03-09 10:40:06,32.0,normal_mode,flow rate in pump loop,L/min,0.0,0.0,276,расход жидкости в циркуляционном контуре насоса,main_recommended,SKAB
136,2020-03-09 10:40:08,32.001,normal_mode,flow rate in pump loop,L/min,0.0,0.0,278,расход жидкости в циркуляционном контуре насоса,main_recommended,SKAB
137,2020-03-09 10:40:10,31.001,normal_mode,flow rate in pump loop,L/min,0.0,0.0,280,расход жидкости в циркуляционном контуре насоса,main_recommended,SKAB
138,2020-03-09 10:40:13,32.0,normal_mode,flow rate in pump loop,L/min,0.0,0.0,282,расход жидкости в циркуляционном контуре насоса,main_recommended,SKAB
139,2020-03-09 10:40:17,32.999,normal_mode,flow rate in pump loop,L/min,0.0,0.0,286,расход жидкости в циркуляционном контуре насоса,main_recommended,SKAB
140,2020-03-09 10:40:19,31.999,normal_mode,flow rate in pump loop,L/min,0.0,0.0,288,расход жидкости в циркуляционном контуре насоса,main_recommended,SKAB
141,2020-03-09 10:40:22,32.0,normal_mode,flow rate in pump loop,L/min,0.0,0.0,290,расход жидкости в циркуляционном контуре насоса,main_recommended,SKAB
142,2020-03-09 10:40:24,32.0,normal_mode,flow rate in pump loop,L/min,0.0,0.0,292,расход жидкости в циркуляционном контуре насоса,main_recommended,SKAB
143,2020-03-09 10:40:26,32.0,normal_mode,flow rate in pump loop,L/min,0.0,0.0,294,расход жидкости в циркуляционном контуре насоса,main_recommended,SKAB
144,2020-03-09 10:40:30,31.0007,normal_mode,flow rate in pump loop,L/min,0.0,0.0,296,расход жидкости в циркуляционном контуре насоса,main_recommended,SKAB
145,2020-03-09 10:40:32,32.0,normal_mode,flow rate in pump loop,L/min,0.0,0.0,298,расход жидкости в циркуляционном контуре насоса,main_recommended,SKAB
146,2020-03-09 10:40:34,32.0,normal_mode,flow rate in pump loop,L/min,0.0,0.0,300,расход жидкости в циркуляционном контуре насоса,main_recommended,SKAB
147,2020-03-09 10:40:36,32.0,normal_mode,flow rate in pump loop,L/min,0.0,0.0,302,расход жидкости в циркуляционном контуре насоса,main_recommended,SKAB
148,2020-03-09 10:40:39,32.0,normal_mode,flow rate in pump loop,L/min,0.0,0.0,304,расход жидкости в циркуляционном контуре насоса,main_recommended,SKAB
149,2020-03-09 10:40:41,32.0,normal_mode,flow rate in pump loop,L/min,0.0,0.0,306,расход жидкости в циркуляционном контуре насоса,main_recommended,SKAB
150,2020-03-09 10:40:43,32.0,normal_mode,flow rate in pump loop,L/min,0.0,0.0,308,расход жидкости в циркуляционном контуре насоса,main_recommended,SKAB
151,2020-03-09 10:40:46,32.0007,normal_mode,flow rate in pump loop,L/min,0.0,0.0,310,расход жидкости в циркуляционном контуре насоса,main_recommended,SKAB
152,2020-03-09 10:40:49,32.0,normal_mode,flow rate in pump loop,L/min,0.0,0.0,312,расход жидкости в циркуляционном контуре насоса,main_recommended,SKAB
153,2020-03-09 10:40:51,32.0,normal_mode,flow rate in pump loop,L/min,0.0,0.0,314,расход жидкости в циркуляционном контуре насоса,main_recommended,SKAB
154,2020-03-09 10:40:54,31.0007,normal_mode,flow rate in pump loop,L/min,0.0,0.0,316,расход жидкости в циркуляционном контуре насоса,main_recommended,SKAB
155,2020-03-09 10:40:56,32.0,normal_mode,flow rate in pump loop,L/min,0.0,0.0,318,расход жидкости в циркуляционном контуре насоса,main_recommended,SKAB
156,2020-03-09 10:40:58,32.0,normal_mode,flow rate in pump loop,L/min,0.0,0.0,320,расход жидкости в циркуляционном контуре насоса,main_recommended,SKAB
157,2020-03-09 10:41:00,32.0,normal_mode,flow rate in pump loop,L/min,0.0,0.0,322,расход жидкости в циркуляционном контуре насоса,main_recommended,SKAB
158,2020-03-09 10:41:03,31.9993,normal_mode,flow rate in pump loop,L/min,0.0,0.0,324,расход жидкости в циркуляционном контуре насоса,main_recommended,SKAB
159,2020-03-09 10:41:05,31.0007,normal_mode,flow rate in pump loop,L/min,0.0,0.0,326,расход жидкости в циркуляционном контуре насоса,main_recommended,SKAB
160,2020-03-09 10:41:07,32.0007,normal_mode,flow rate in pump loop,L/min,0.0,0.0,328,расход жидкости в циркуляционном контуре насоса,main_recommended,SKAB
161,2020-03-09 10:41:10,32.9986,normal_mode,flow rate in pump loop,L/min,0.0,0.0,330,расход жидкости в циркуляционном контуре насоса,main_recommended,SKAB
162,2020-03-09 10:41:13,32.0,normal_mode,flow rate in pump loop,L/min,0.0,0.0,332,расход жидкости в циркуляционном контуре насоса,main_recommended,SKAB
163,2020-03-09 10:41:15,32.0,normal_mode,flow rate in pump loop,L/min,0.0,0.0,334,расход жидкости в циркуляционном контуре насоса,main_recommended,SKAB
164,2020-03-09 10:41:17,32.0,normal_mode,flow rate in pump loop,L/min,0.0,0.0,336,расход жидкости в циркуляционном контуре насоса,main_recommended,SKAB
165,2020-03-09 10:41:20,32.0,normal_mode,flow rate in pump loop,L/min,0.0,0.0,338,расход жидкости в циркуляционном контуре насоса,main_recommended,SKAB
166,2020-03-09 10:41:22,32.0,normal_mode,flow rate in pump loop,L/min,0.0,0.0,340,расход жидкости в циркуляционном контуре насоса,main_recommended,SKAB
167,2020-03-09 10:41:24,32.0,normal_mode,flow rate in pump loop,L/min,0.0,0.0,342,расход жидкости в циркуляционном контуре насоса,main_recommended,SKAB
168,2020-03-09 10:41:26,31.9993,normal_mode,flow rate in pump loop,L/min,0.0,0.0,344,расход жидкости в циркуляционном контуре насоса,main_recommended,SKAB
169,2020-03-09 10:41:29,32.0,normal_mode,flow rate in pump loop,L/min,0.0,0.0,346,расход жидкости в циркуляционном контуре насоса,main_recommended,SKAB
170,2020-03-09 10:41:32,32.0,normal_mode,flow rate in pump loop,L/min,0.0,0.0,348,расход жидкости в циркуляционном контуре насоса,main_recommended,SKAB
171,2020-03-09 10:41:34,32.9993,normal_mode,flow rate in pump loop,L/min,0.0,0.0,350,расход жидкости в циркуляционном контуре насоса,main_recommended,SKAB
172,2020-03-09 10:41:37,32.0,normal_mode,flow rate in pump loop,L/min,0.0,0.0,352,расход жидкости в циркуляционном контуре насоса,main_recommended,SKAB
173,2020-03-09 10:41:39,32.0,normal_mode,flow rate in pump loop,L/min,0.0,0.0,354,расход жидкости в циркуляционном контуре насоса,main_recommended,SKAB
174,2020-03-09 10:41:41,32.9993,normal_mode,flow rate in pump loop,L/min,0.0,0.0,356,расход жидкости в циркуляционном контуре насоса,main_recommended,SKAB
175,2020-03-09 10:41:44,32.0,normal_mode,flow rate in pump loop,L/min,0.0,0.0,358,расход жидкости в циркуляционном контуре насоса,main_recommended,SKAB
176,2020-03-09 10:41:46,32.0,normal_mode,flow rate in pump loop,L/min,0.0,0.0,360,расход жидкости в циркуляционном контуре насоса,main_recommended,SKAB
177,2020-03-09 10:41:48,32.0007,normal_mode,flow rate in pump loop,L/min,0.0,0.0,362,расход жидкости в циркуляционном контуре насоса,main_recommended,SKAB
178,2020-03-09 10:41:50,32.0,normal_mode,flow rate in pump loop,L/min,0.0,0.0,364,расход жидкости в циркуляционном контуре насоса,main_recommended,SKAB
179,2020-03-09 10:41:56,32.0,normal_mode,flow rate in pump loop,L/min,0.0,0.0,368,расход жидкости в циркуляционном контуре насоса,main_recommended,SKAB
180,2020-03-09 10:41:58,31.0007,normal_mode,flow rate in pump loop,L/min,0.0,0.0,370,расход жидкости в циркуляционном контуре насоса,main_recommended,SKAB
181,2020-03-09 10:42:01,32.0,normal_mode,flow rate in pump loop,L/min,0.0,0.0,372,расход жидкости в циркуляционном контуре насоса,main_recommended,SKAB
182,2020-03-09 10:42:03,31.0007,normal_mode,flow rate in pump loop,L/min,0.0,0.0,374,расход жидкости в циркуляционном контуре насоса,main_recommended,SKAB
183,2020-03-09 10:42:05,31.0007,normal_mode,flow rate in pump loop,L/min,0.0,0.0,376,расход жидкости в циркуляционном контуре насоса,main_recommended,SKAB
184,2020-03-09 10:42:07,32.0,normal_mode,flow rate in pump loop,L/min,0.0,0.0,378,расход жидкости в циркуляционном контуре насоса,main_recommended,SKAB
185,2020-03-09 10:42:10,32.0,normal_mode,flow rate in pump loop,L/min,0.0,0.0,380,расход жидкости в циркуляционном контуре насоса,main_recommended,SKAB
186,2020-03-09 10:42:12,31.0007,normal_mode,flow rate in pump loop,L/min,0.0,0.0,382,расход жидкости в циркуляционном контуре насоса,main_recommended,SKAB
187,2020-03-09 10:42:15,32.9993,normal_mode,flow rate in pump loop,L/min,0.0,0.0,384,расход жидкости в циркуляционном контуре насоса,main_recommended,SKAB
188,2020-03-09 10:42:18,31.0007,normal_mode,flow rate in pump loop,L/min,0.0,0.0,386,расход жидкости в циркуляционном контуре насоса,main_recommended,SKAB
189,2020-03-09 10:42:20,32.0,normal_mode,flow rate in pump loop,L/min,0.0,0.0,388,расход жидкости в циркуляционном контуре насоса,main_recommended,SKAB
190,2020-03-09 10:42:22,32.9995,normal_mode,flow rate in pump loop,L/min,0.0,0.0,390,расход жидкости в циркуляционном контуре насоса,main_recommended,SKAB
191,2020-03-09 10:42:25,32.0,normal_mode,flow rate in pump loop,L/min,0.0,0.0,392,расход жидкости в циркуляционном контуре насоса,main_recommended,SKAB
192,2020-03-09 10:42:27,31.9995,normal_mode,flow rate in pump loop,L/min,0.0,0.0,394,расход жидкости в циркуляционном контуре насоса,main_recommended,SKAB
193,2020-03-09 10:42:29,32.0,normal_mode,flow rate in pump loop,L/min,0.0,0.0,396,расход жидкости в циркуляционном контуре насоса,main_recommended,SKAB
194,2020-03-09 10:42:31,31.0005,normal_mode,flow rate in pump loop,L/min,0.0,0.0,398,расход жидкости в циркуляционном контуре насоса,main_recommended,SKAB
195,2020-03-09 10:42:34,31.0005,normal_mode,flow rate in pump loop,L/min,0.0,0.0,400,расход жидкости в циркуляционном контуре насоса,main_recommended,SKAB
196,2020-03-09 10:42:37,31.0005,normal_mode,flow rate in pump loop,L/min,0.0,0.0,402,расход жидкости в циркуляционном контуре насоса,main_recommended,SKAB
197,2020-03-09 10:42:39,32.0,normal_mode,flow rate in pump loop,L/min,0.0,0.0,404,расход жидкости в циркуляционном контуре насоса,main_recommended,SKAB
198,2020-03-09 10:42:42,32.0,normal_mode,flow rate in pump loop,L/min,0.0,0.0,406,расход жидкости в циркуляционном контуре насоса,main_recommended,SKAB
199,2020-03-09 10:42:44,31.9995,normal_mode,flow rate in pump loop,L/min,0.0,0.0,408,расход жидкости в циркуляционном контуре насоса,main_recommended,SKAB
200,2020-03-09 10:42:46,32.0,normal_mode,flow rate in pump loop,L/min,0.0,0.0,410,расход жидкости в циркуляционном контуре насоса,main_recommended,SKAB
201,2020-03-09 10:42:48,31.0005,normal_mode,flow rate in pump loop,L/min,0.0,0.0,412,расход жидкости в циркуляционном контуре насоса,main_recommended,SKAB
202,2020-03-09 10:42:51,32.0,normal_mode,flow rate in pump loop,L/min,0.0,0.0,414,расход жидкости в циркуляционном контуре насоса,main_recommended,SKAB
203,2020-03-09 10:42:53,31.0,normal_mode,flow rate in pump loop,L/min,0.0,0.0,416,расход жидкости в циркуляционном контуре насоса,main_recommended,SKAB
204,2020-03-09 10:42:55,32.0,normal_mode,flow rate in pump loop,L/min,0.0,0.0,418,расход жидкости в циркуляционном контуре насоса,main_recommended,SKAB
205,2020-03-09 10:42:59,31.0005,normal_mode,flow rate in pump loop,L/min,0.0,0.0,420,расход жидкости в циркуляционном контуре насоса,main_recommended,SKAB
206,2020-03-09 10:43:01,32.0,normal_mode,flow rate in pump loop,L/min,0.0,0.0,422,расход жидкости в циркуляционном контуре насоса,main_recommended,SKAB
207,2020-03-09 10:43:03,32.0,normal_mode,flow rate in pump loop,L/min,0.0,0.0,424,расход жидкости в циркуляционном контуре насоса,main_recommended,SKAB
208,2020-03-09 10:43:05,32.0,normal_mode,flow rate in pump loop,L/min,0.0,0.0,426,расход жидкости в циркуляционном контуре насоса,main_recommended,SKAB
209,2020-03-09 10:43:08,32.0,normal_mode,flow rate in pump loop,L/min,0.0,0.0,428,расход жидкости в циркуляционном контуре насоса,main_recommended,SKAB
210,2020-03-09 10:43:10,32.0,normal_mode,flow rate in pump loop,L/min,0.0,0.0,430,расход жидкости в циркуляционном контуре насоса,main_recommended,SKAB
211,2020-03-09 10:43:12,32.0,normal_mode,flow rate in pump loop,L/min,0.0,0.0,432,расход жидкости в циркуляционном контуре насоса,main_recommended,SKAB
212,2020-03-09 10:43:15,32.0,normal_mode,flow rate in pump loop,L/min,0.0,0.0,434,расход жидкости в циркуляционном контуре насоса,main_recommended,SKAB
213,2020-03-09 10:43:18,31.0005,normal_mode,flow rate in pump loop,L/min,0.0,0.0,436,расход жидкости в циркуляционном контуре насоса,main_recommended,SKAB
214,2020-03-09 10:43:20,32.0,normal_mode,flow rate in pump loop,L/min,0.0,0.0,438,расход жидкости в циркуляционном контуре насоса,main_recommended,SKAB
215,2020-03-09 10:43:22,32.0,normal_mode,flow rate in pump loop,L/min,0.0,0.0,440,расход жидкости в циркуляционном контуре насоса,main_recommended,SKAB
216,2020-03-09 10:43:25,32.0,normal_mode,flow rate in pump loop,L/min,0.0,0.0,442,расход жидкости в циркуляционном контуре насоса,main_recommended,SKAB
217,2020-03-09 10:43:27,32.0,normal_mode,flow rate in pump loop,L/min,0.0,0.0,444,расход жидкости в циркуляционном контуре насоса,main_recommended,SKAB
218,2020-03-09 10:43:32,32.0,normal_mode,flow rate in pump loop,L/min,0.0,0.0,448,расход жидкости в циркуляционном контуре насоса,main_recommended,SKAB
219,2020-03-09 10:43:34,32.0,normal_mode,flow rate in pump loop,L/min,0.0,0.0,450,расход жидкости в циркуляционном контуре насоса,main_recommended,SKAB
220,2020-03-09 10:43:36,32.0,normal_mode,flow rate in pump loop,L/min,0.0,0.0,452,расход жидкости в циркуляционном контуре насоса,main_recommended,SKAB
221,2020-03-09 10:43:39,32.0,normal_mode,flow rate in pump loop,L/min,0.0,0.0,454,расход жидкости в циркуляционном контуре насоса,main_recommended,SKAB
222,2020-03-09 10:43:42,32.0,normal_mode,flow rate in pump loop,L/min,0.0,0.0,456,расход жидкости в циркуляционном контуре насоса,main_recommended,SKAB
223,2020-03-09 10:43:44,31.9995,normal_mode,flow rate in pump loop,L/min,0.0,0.0,458,расход жидкости в циркуляционном контуре насоса,main_recommended,SKAB
224,2020-03-09 10:43:46,32.0,normal_mode,flow rate in pump loop,L/min,0.0,0.0,460,расход жидкости в циркуляционном контуре насоса,main_recommended,SKAB
225,2020-03-09 10:43:49,32.0,normal_mode,flow rate in pump loop,L/min,0.0,0.0,462,расход жидкости в циркуляционном контуре насоса,main_recommended,SKAB
226,2020-03-09 10:43:51,31.0005,normal_mode,flow rate in pump loop,L/min,0.0,0.0,464,расход жидкости в циркуляционном контуре насоса,main_recommended,SKAB
227,2020-03-09 10:43:53,32.0,normal_mode,flow rate in pump loop,L/min,0.0,0.0,466,расход жидкости в циркуляционном контуре насоса,main_recommended,SKAB
228,2020-03-09 10:43:56,32.9995,normal_mode,flow rate in pump loop,L/min,0.0,0.0,468,расход жидкости в циркуляционном контуре насоса,main_recommended,SKAB
229,2020-03-09 10:43:58,32.0,normal_mode,flow rate in pump loop,L/min,0.0,0.0,470,расход жидкости в циркуляционном контуре насоса,main_recommended,SKAB
230,2020-03-09 10:44:01,31.0005,normal_mode,flow rate in pump loop,L/min,0.0,0.0,472,расход жидкости в циркуляционном контуре насоса,main_recommended,SKAB
231,2020-03-09 10:44:04,32.0,normal_mode,flow rate in pump loop,L/min,0.0,0.0,474,расход жидкости в циркуляционном контуре насоса,main_recommended,SKAB
232,2020-03-09 10:44:06,31.9995,normal_mode,flow rate in pump loop,L/min,0.0,0.0,476,расход жидкости в циркуляционном контуре насоса,main_recommended,SKAB
233,2020-03-09 10:44:08,32.0,normal_mode,flow rate in pump loop,L/min,0.0,0.0,478,расход жидкости в циркуляционном контуре насоса,main_recommended,SKAB
234,2020-03-09 10:44:10,32.0,normal_mode,flow rate in pump loop,L/min,0.0,0.0,480,расход жидкости в циркуляционном контуре насоса,main_recommended,SKAB
235,2020-03-09 10:44:13,32.0,normal_mode,flow rate in pump loop,L/min,0.0,0.0,482,расход жидкости в циркуляционном контуре насоса,main_recommended,SKAB
236,2020-03-09 10:44:15,31.9995,normal_mode,flow rate in pump loop,L/min,0.0,0.0,484,расход жидкости в циркуляционном контуре насоса,main_recommended,SKAB
237,2020-03-09 10:44:17,31.9995,normal_mode,flow rate in pump loop,L/min,0.0,0.0,486,расход жидкости в циркуляционном контуре насоса,main_recommended,SKAB
238,2020-03-09 10:44:19,32.0,normal_mode,flow rate in pump loop,L/min,0.0,0.0,488,расход жидкости в циркуляционном контуре насоса,main_recommended,SKAB
239,2020-03-09 10:44:23,32.0,normal_mode,flow rate in pump loop,L/min,0.0,0.0,490,расход жидкости в циркуляционном контуре насоса,main_recommended,SKAB
240,2020-03-09 10:44:25,31.0002,normal_mode,flow rate in pump loop,L/min,0.0,0.0,492,расход жидкости в циркуляционном контуре насоса,main_recommended,SKAB
241,2020-03-09 10:44:27,31.0002,normal_mode,flow rate in pump loop,L/min,0.0,0.0,494,расход жидкости в циркуляционном контуре насоса,main_recommended,SKAB
242,2020-03-09 10:44:30,32.0,normal_mode,flow rate in pump loop,L/min,0.0,0.0,496,расход жидкости в циркуляционном контуре насоса,main_recommended,SKAB
243,2020-03-09 10:44:31,31.0002,normal_mode,flow rate in pump loop,L/min,0.0,0.0,497,расход жидкости в циркуляционном контуре насоса,main_recommended,SKAB
244,2020-03-09 10:44:32,31.9998,normal_mode,flow rate in pump loop,L/min,0.0,0.0,498,расход жидкости в циркуляционном контуре насоса,main_recommended,SKAB
245,2020-03-09 10:44:33,32.0,changepoint,flow rate in pump loop,L/min,1.0,1.0,499,расход жидкости в циркуляционном контуре насоса,main_recommended,SKAB
246,2020-03-09 10:44:34,32.0,anomalous_or_changed_mode,flow rate in pump loop,L/min,1.0,0.0,500,расход жидкости в циркуляционном контуре насоса,main_recommended,SKAB
247,2020-03-09 10:44:35,31.0002,anomalous_or_changed_mode,flow rate in pump loop,L/min,1.0,0.0,501,расход жидкости в циркуляционном контуре насоса,main_recommended,SKAB
248,2020-03-09 10:44:36,31.9998,anomalous_or_changed_mode,flow rate in pump loop,L/min,1.0,0.0,502,расход жидкости в циркуляционном контуре насоса,main_recommended,SKAB
249,2020-03-09 10:44:39,32.0,anomalous_or_changed_mode,flow rate in pump loop,L/min,1.0,0.0,504,расход жидкости в циркуляционном контуре насоса,main_recommended,SKAB
250,2020-03-09 10:44:41,32.0,anomalous_or_changed_mode,flow rate in pump loop,L/min,1.0,0.0,506,расход жидкости в циркуляционном контуре насоса,main_recommended,SKAB
251,2020-03-09 10:44:43,32.0,anomalous_or_changed_mode,flow rate in pump loop,L/min,1.0,0.0,508,расход жидкости в циркуляционном контуре насоса,main_recommended,SKAB
252,2020-03-09 10:44:47,31.0002,anomalous_or_changed_mode,flow rate in pump loop,L/min,1.0,0.0,510,расход жидкости в циркуляционном контуре насоса,main_recommended,SKAB
253,2020-03-09 10:44:49,32.0,anomalous_or_changed_mode,flow rate in pump loop,L/min,1.0,0.0,512,расход жидкости в циркуляционном контуре насоса,main_recommended,SKAB
254,2020-03-09 10:44:51,31.9998,anomalous_or_changed_mode,flow rate in pump loop,L/min,1.0,0.0,514,расход жидкости в циркуляционном контуре насоса,main_recommended,SKAB
255,2020-03-09 10:44:53,32.0,anomalous_or_changed_mode,flow rate in pump loop,L/min,1.0,0.0,516,расход жидкости в циркуляционном контуре насоса,main_recommended,SKAB
256,2020-03-09 10:44:56,31.0002,anomalous_or_changed_mode,flow rate in pump loop,L/min,1.0,0.0,518,расход жидкости в циркуляционном контуре насоса,main_recommended,SKAB
257,2020-03-09 10:44:58,32.0,anomalous_or_changed_mode,flow rate in pump loop,L/min,1.0,0.0,520,расход жидкости в циркуляционном контуре насоса,main_recommended,SKAB
258,2020-03-09 10:45:00,31.9998,anomalous_or_changed_mode,flow rate in pump loop,L/min,1.0,0.0,522,расход жидкости в циркуляционном контуре насоса,main_recommended,SKAB
259,2020-03-09 10:45:03,32.0,anomalous_or_changed_mode,flow rate in pump loop,L/min,1.0,0.0,524,расход жидкости в циркуляционном контуре насоса,main_recommended,SKAB
260,2020-03-09 10:45:05,31.9998,anomalous_or_changed_mode,flow rate in pump loop,L/min,1.0,0.0,526,расход жидкости в циркуляционном контуре насоса,main_recommended,SKAB
261,2020-03-09 10:45:07,31.0002,anomalous_or_changed_mode,flow rate in pump loop,L/min,1.0,0.0,528,расход жидкости в циркуляционном контуре насоса,main_recommended,SKAB
262,2020-03-09 10:45:11,31.0002,anomalous_or_changed_mode,flow rate in pump loop,L/min,1.0,0.0,530,расход жидкости в циркуляционном контуре насоса,main_recommended,SKAB
263,2020-03-09 10:45:13,31.9998,anomalous_or_changed_mode,flow rate in pump loop,L/min,1.0,0.0,532,расход жидкости в циркуляционном контуре насоса,main_recommended,SKAB
264,2020-03-09 10:45:18,31.0,anomalous_or_changed_mode,flow rate in pump loop,L/min,1.0,0.0,536,расход жидкости в циркуляционном контуре насоса,main_recommended,SKAB
265,2020-03-09 10:45:20,31.0002,anomalous_or_changed_mode,flow rate in pump loop,L/min,1.0,0.0,538,расход жидкости в циркуляционном контуре насоса,main_recommended,SKAB
266,2020-03-09 10:45:22,31.9998,anomalous_or_changed_mode,flow rate in pump loop,L/min,1.0,0.0,540,расход жидкости в циркуляционном контуре насоса,main_recommended,SKAB
267,2020-03-09 10:45:24,31.0,anomalous_or_changed_mode,flow rate in pump loop,L/min,1.0,0.0,542,расход жидкости в циркуляционном контуре насоса,main_recommended,SKAB
268,2020-03-09 10:45:27,31.0,anomalous_or_changed_mode,flow rate in pump loop,L/min,1.0,0.0,544,расход жидкости в циркуляционном контуре насоса,main_recommended,SKAB
269,2020-03-09 10:45:29,31.0,anomalous_or_changed_mode,flow rate in pump loop,L/min,1.0,0.0,546,расход жидкости в циркуляционном контуре насоса,main_recommended,SKAB
270,2020-03-09 10:45:30,31.0,anomalous_or_changed_mode,flow rate in pump loop,L/min,1.0,0.0,547,расход жидкости в циркуляционном контуре насоса,main_recommended,SKAB
271,2020-03-09 10:45:32,31.0,anomalous_or_changed_mode,flow rate in pump loop,L/min,1.0,0.0,548,расход жидкости в циркуляционном контуре насоса,main_recommended,SKAB
272,2020-03-09 10:45:33,31.0,changepoint,flow rate in pump loop,L/min,1.0,1.0,549,расход жидкости в циркуляционном контуре насоса,main_recommended,SKAB
273,2020-03-09 10:45:35,30.0002,anomalous_or_changed_mode,flow rate in pump loop,L/min,1.0,0.0,550,расход жидкости в циркуляционном контуре насоса,main_recommended,SKAB
274,2020-03-09 10:45:36,30.9998,anomalous_or_changed_mode,flow rate in pump loop,L/min,1.0,0.0,551,расход жидкости в циркуляционном контуре насоса,main_recommended,SKAB
275,2020-03-09 10:45:37,31.0,anomalous_or_changed_mode,flow rate in pump loop,L/min,1.0,0.0,552,расход жидкости в циркуляционном контуре насоса,main_recommended,SKAB
276,2020-03-09 10:45:39,30.9998,anomalous_or_changed_mode,flow rate in pump loop,L/min,1.0,0.0,554,расход жидкости в циркуляционном контуре насоса,main_recommended,SKAB
277,2020-03-09 10:45:41,30.9998,anomalous_or_changed_mode,flow rate in pump loop,L/min,1.0,0.0,556,расход жидкости в циркуляционном контуре насоса,main_recommended,SKAB
278,2020-03-09 10:45:44,31.0,anomalous_or_changed_mode,flow rate in pump loop,L/min,1.0,0.0,558,расход жидкости в циркуляционном контуре насоса,main_recommended,SKAB
279,2020-03-09 10:45:46,30.9998,anomalous_or_changed_mode,flow rate in pump loop,L/min,1.0,0.0,560,расход жидкости в циркуляционном контуре насоса,main_recommended,SKAB
280,2020-03-09 10:45:48,31.0,anomalous_or_changed_mode,flow rate in pump loop,L/min,1.0,0.0,562,расход жидкости в циркуляционном контуре насоса,main_recommended,SKAB
281,2020-03-09 10:45:50,30.0002,anomalous_or_changed_mode,flow rate in pump loop,L/min,1.0,0.0,564,расход жидкости в циркуляционном контуре насоса,main_recommended,SKAB
282,2020-03-09 10:45:54,31.0,anomalous_or_changed_mode,flow rate in pump loop,L/min,1.0,0.0,566,расход жидкости в циркуляционном контуре насоса,main_recommended,SKAB
283,2020-03-09 10:45:56,30.9998,anomalous_or_changed_mode,flow rate in pump loop,L/min,1.0,0.0,568,расход жидкости в циркуляционном контуре насоса,main_recommended,SKAB
284,2020-03-09 10:45:58,30.9998,anomalous_or_changed_mode,flow rate in pump loop,L/min,1.0,0.0,570,расход жидкости в циркуляционном контуре насоса,main_recommended,SKAB
285,2020-03-09 10:46:01,30.0002,anomalous_or_changed_mode,flow rate in pump loop,L/min,1.0,0.0,572,расход жидкости в циркуляционном контуре насоса,main_recommended,SKAB
286,2020-03-09 10:46:03,31.0,anomalous_or_changed_mode,flow rate in pump loop,L/min,1.0,0.0,574,расход жидкости в циркуляционном контуре насоса,main_recommended,SKAB
287,2020-03-09 10:46:05,30.9998,anomalous_or_changed_mode,flow rate in pump loop,L/min,1.0,0.0,576,расход жидкости в циркуляционном контуре насоса,main_recommended,SKAB
288,2020-03-09 10:46:08,30.0002,anomalous_or_changed_mode,flow rate in pump loop,L/min,1.0,0.0,578,расход жидкости в циркуляционном контуре насоса,main_recommended,SKAB
289,2020-03-09 10:46:10,31.0,anomalous_or_changed_mode,flow rate in pump loop,L/min,1.0,0.0,580,расход жидкости в циркуляционном контуре насоса,main_recommended,SKAB
290,2020-03-09 10:46:12,30.9998,anomalous_or_changed_mode,flow rate in pump loop,L/min,1.0,0.0,582,расход жидкости в циркуляционном контуре насоса,main_recommended,SKAB
291,2020-03-09 10:46:15,30.9998,anomalous_or_changed_mode,flow rate in pump loop,L/min,1.0,0.0,584,расход жидкости в циркуляционном контуре насоса,main_recommended,SKAB
292,2020-03-09 10:46:18,30.9998,anomalous_or_changed_mode,flow rate in pump loop,L/min,1.0,0.0,586,расход жидкости в циркуляционном контуре насоса,main_recommended,SKAB
293,2020-03-09 10:46:20,30.9998,anomalous_or_changed_mode,flow rate in pump loop,L/min,1.0,0.0,588,расход жидкости в циркуляционном контуре насоса,main_recommended,SKAB
294,2020-03-09 10:46:22,31.0,anomalous_or_changed_mode,flow rate in pump loop,L/min,1.0,0.0,590,расход жидкости в циркуляционном контуре насоса,main_recommended,SKAB
295,2020-03-09 10:46:25,31.0,anomalous_or_changed_mode,flow rate in pump loop,L/min,1.0,0.0,592,расход жидкости в циркуляционном контуре насоса,main_recommended,SKAB
296,2020-03-09 10:46:27,30.0,anomalous_or_changed_mode,flow rate in pump loop,L/min,1.0,0.0,594,расход жидкости в циркуляционном контуре насоса,main_recommended,SKAB
297,2020-03-09 10:46:29,30.0,anomalous_or_changed_mode,flow rate in pump loop,L/min,1.0,0.0,596,расход жидкости в циркуляционном контуре насоса,main_recommended,SKAB
298,2020-03-09 10:46:31,31.0,anomalous_or_changed_mode,flow rate in pump loop,L/min,1.0,0.0,598,расход жидкости в циркуляционном контуре насоса,main_recommended,SKAB
299,2020-03-09 10:46:34,30.0,anomalous_or_changed_mode,flow rate in pump loop,L/min,1.0,0.0,600,расход жидкости в циркуляционном контуре насоса,main_recommended,SKAB
300,2020-03-09 10:46:37,30.0,anomalous_or_changed_mode,flow rate in pump loop,L/min,1.0,0.0,602,расход жидкости в циркуляционном контуре насоса,main_recommended,SKAB
301,2020-03-09 10:46:39,30.0,anomalous_or_changed_mode,flow rate in pump loop,L/min,1.0,0.0,604,расход жидкости в циркуляционном контуре насоса,main_recommended,SKAB
302,2020-03-09 10:46:42,30.0,anomalous_or_changed_mode,flow rate in pump loop,L/min,1.0,0.0,606,расход жидкости в циркуляционном контуре насоса,main_recommended,SKAB
303,2020-03-09 10:46:44,30.0,anomalous_or_changed_mode,flow rate in pump loop,L/min,1.0,0.0,608,расход жидкости в циркуляционном контуре насоса,main_recommended,SKAB
304,2020-03-09 10:46:46,30.0,anomalous_or_changed_mode,flow rate in pump loop,L/min,1.0,0.0,610,расход жидкости в циркуляционном контуре насоса,main_recommended,SKAB
305,2020-03-09 10:46:48,31.0,anomalous_or_changed_mode,flow rate in pump loop,L/min,1.0,0.0,612,расход жидкости в циркуляционном контуре насоса,main_recommended,SKAB
306,2020-03-09 10:46:51,31.0,anomalous_or_changed_mode,flow rate in pump loop,L/min,1.0,0.0,614,расход жидкости в циркуляционном контуре насоса,main_recommended,SKAB
307,2020-03-09 10:46:53,30.0,anomalous_or_changed_mode,flow rate in pump loop,L/min,1.0,0.0,616,расход жидкости в циркуляционном контуре насоса,main_recommended,SKAB
308,2020-03-09 10:46:55,31.0,anomalous_or_changed_mode,flow rate in pump loop,L/min,1.0,0.0,618,расход жидкости в циркуляционном контуре насоса,main_recommended,SKAB
309,2020-03-09 10:47:01,31.0,anomalous_or_changed_mode,flow rate in pump loop,L/min,1.0,0.0,622,расход жидкости в циркуляционном контуре насоса,main_recommended,SKAB
310,2020-03-09 10:47:03,31.0,anomalous_or_changed_mode,flow rate in pump loop,L/min,1.0,0.0,624,расход жидкости в циркуляционном контуре насоса,main_recommended,SKAB
311,2020-03-09 10:47:05,31.0,anomalous_or_changed_mode,flow rate in pump loop,L/min,1.0,0.0,626,расход жидкости в циркуляционном контуре насоса,main_recommended,SKAB
312,2020-03-09 10:47:08,31.0,anomalous_or_changed_mode,flow rate in pump loop,L/min,1.0,0.0,628,расход жидкости в циркуляционном контуре насоса,main_recommended,SKAB
313,2020-03-09 10:47:10,31.0,anomalous_or_changed_mode,flow rate in pump loop,L/min,1.0,0.0,630,расход жидкости в циркуляционном контуре насоса,main_recommended,SKAB
314,2020-03-09 10:47:12,31.0,anomalous_or_changed_mode,flow rate in pump loop,L/min,1.0,0.0,632,расход жидкости в циркуляционном контуре насоса,main_recommended,SKAB
315,2020-03-09 10:47:15,31.0,anomalous_or_changed_mode,flow rate in pump loop,L/min,1.0,0.0,634,расход жидкости в циркуляционном контуре насоса,main_recommended,SKAB
316,2020-03-09 10:47:17,30.0,anomalous_or_changed_mode,flow rate in pump loop,L/min,1.0,0.0,636,расход жидкости в циркуляционном контуре насоса,main_recommended,SKAB
317,2020-03-09 10:47:19,30.0,anomalous_or_changed_mode,flow rate in pump loop,L/min,1.0,0.0,638,расход жидкости в циркуляционном контуре насоса,main_recommended,SKAB
318,2020-03-09 10:47:21,31.0,anomalous_or_changed_mode,flow rate in pump loop,L/min,1.0,0.0,640,расход жидкости в циркуляционном контуре насоса,main_recommended,SKAB
319,2020-03-09 10:47:25,31.0,anomalous_or_changed_mode,flow rate in pump loop,L/min,1.0,0.0,642,расход жидкости в циркуляционном контуре насоса,main_recommended,SKAB
320,2020-03-09 10:47:27,30.0,anomalous_or_changed_mode,flow rate in pump loop,L/min,1.0,0.0,644,расход жидкости в циркуляционном контуре насоса,main_recommended,SKAB
321,2020-03-09 10:47:29,30.0,anomalous_or_changed_mode,flow rate in pump loop,L/min,1.0,0.0,646,расход жидкости в циркуляционном контуре насоса,main_recommended,SKAB
322,2020-03-09 10:47:32,31.0,anomalous_or_changed_mode,flow rate in pump loop,L/min,1.0,0.0,648,расход жидкости в циркуляционном контуре насоса,main_recommended,SKAB
323,2020-03-09 10:47:34,30.0,anomalous_or_changed_mode,flow rate in pump loop,L/min,1.0,0.0,650,расход жидкости в циркуляционном контуре насоса,main_recommended,SKAB
324,2020-03-09 10:47:36,30.0,anomalous_or_changed_mode,flow rate in pump loop,L/min,1.0,0.0,652,расход жидкости в циркуляционном контуре насоса,main_recommended,SKAB
325,2020-03-09 10:47:39,31.0,anomalous_or_changed_mode,flow rate in pump loop,L/min,1.0,0.0,654,расход жидкости в циркуляционном контуре насоса,main_recommended,SKAB
326,2020-03-09 10:47:42,30.0,anomalous_or_changed_mode,flow rate in pump loop,L/min,1.0,0.0,656,расход жидкости в циркуляционном контуре насоса,main_recommended,SKAB
327,2020-03-09 10:47:44,30.0,anomalous_or_changed_mode,flow rate in pump loop,L/min,1.0,0.0,658,расход жидкости в циркуляционном контуре насоса,main_recommended,SKAB
328,2020-03-09 10:47:46,30.0,anomalous_or_changed_mode,flow rate in pump loop,L/min,1.0,0.0,660,расход жидкости в циркуляционном контуре насоса,main_recommended,SKAB
329,2020-03-09 10:47:49,31.0,anomalous_or_changed_mode,flow rate in pump loop,L/min,1.0,0.0,662,расход жидкости в циркуляционном контуре насоса,main_recommended,SKAB
330,2020-03-09 10:47:51,31.0,anomalous_or_changed_mode,flow rate in pump loop,L/min,1.0,0.0,664,расход жидкости в циркуляционном контуре насоса,main_recommended,SKAB
331,2020-03-09 10:47:53,31.0,anomalous_or_changed_mode,flow rate in pump loop,L/min,1.0,0.0,666,расход жидкости в циркуляционном контуре насоса,main_recommended,SKAB
332,2020-03-09 10:47:56,31.0,anomalous_or_changed_mode,flow rate in pump loop,L/min,1.0,0.0,668,расход жидкости в циркуляционном контуре насоса,main_recommended,SKAB
333,2020-03-09 10:47:58,30.0,anomalous_or_changed_mode,flow rate in pump loop,L/min,1.0,0.0,670,расход жидкости в циркуляционном контуре насоса,main_recommended,SKAB
334,2020-03-09 10:48:00,31.0,anomalous_or_changed_mode,flow rate in pump loop,L/min,1.0,0.0,672,расход жидкости в циркуляционном контуре насоса,main_recommended,SKAB
335,2020-03-09 10:48:02,30.0,anomalous_or_changed_mode,flow rate in pump loop,L/min,1.0,0.0,674,расход жидкости в циркуляционном контуре насоса,main_recommended,SKAB
336,2020-03-09 10:48:06,31.0,anomalous_or_changed_mode,flow rate in pump loop,L/min,1.0,0.0,676,расход жидкости в циркуляционном контуре насоса,main_recommended,SKAB
337,2020-03-09 10:48:08,31.0,anomalous_or_changed_mode,flow rate in pump loop,L/min,1.0,0.0,678,расход жидкости в циркуляционном контуре насоса,main_recommended,SKAB
338,2020-03-09 10:48:10,31.0,anomalous_or_changed_mode,flow rate in pump loop,L/min,1.0,0.0,680,расход жидкости в циркуляционном контуре насоса,main_recommended,SKAB
339,2020-03-09 10:48:13,30.0,anomalous_or_changed_mode,flow rate in pump loop,L/min,1.0,0.0,682,расход жидкости в циркуляционном контуре насоса,main_recommended,SKAB
340,2020-03-09 10:48:15,31.0,anomalous_or_changed_mode,flow rate in pump loop,L/min,1.0,0.0,684,расход жидкости в циркуляционном контуре насоса,main_recommended,SKAB
341,2020-03-09 10:48:17,31.0,anomalous_or_changed_mode,flow rate in pump loop,L/min,1.0,0.0,686,расход жидкости в циркуляционном контуре насоса,main_recommended,SKAB
342,2020-03-09 10:48:19,31.0,anomalous_or_changed_mode,flow rate in pump loop,L/min,1.0,0.0,688,расход жидкости в циркуляционном контуре насоса,main_recommended,SKAB
343,2020-03-09 10:48:22,30.9998,anomalous_or_changed_mode,flow rate in pump loop,L/min,1.0,0.0,690,расход жидкости в циркуляционном контуре насоса,main_recommended,SKAB
344,2020-03-09 10:48:24,30.9998,anomalous_or_changed_mode,flow rate in pump loop,L/min,1.0,0.0,692,расход жидкости в циркуляционном контуре насоса,main_recommended,SKAB
345,2020-03-09 10:48:26,30.9998,anomalous_or_changed_mode,flow rate in pump loop,L/min,1.0,0.0,694,расход жидкости в циркуляционном контуре насоса,main_recommended,SKAB
346,2020-03-09 10:48:30,30.9998,anomalous_or_changed_mode,flow rate in pump loop,L/min,1.0,0.0,696,расход жидкости в циркуляционном контуре насоса,main_recommended,SKAB
347,2020-03-09 10:48:32,31.0,anomalous_or_changed_mode,flow rate in pump loop,L/min,1.0,0.0,698,расход жидкости в циркуляционном контуре насоса,main_recommended,SKAB
348,2020-03-09 10:48:34,30.0,anomalous_or_changed_mode,flow rate in pump loop,L/min,1.0,0.0,700,расход жидкости в циркуляционном контуре насоса,main_recommended,SKAB
349,2020-03-09 10:48:39,31.0,anomalous_or_changed_mode,flow rate in pump loop,L/min,1.0,0.0,704,расход жидкости в циркуляционном контуре насоса,main_recommended,SKAB
350,2020-03-09 10:48:41,30.9998,anomalous_or_changed_mode,flow rate in pump loop,L/min,1.0,0.0,706,расход жидкости в циркуляционном контуре насоса,main_recommended,SKAB
351,2020-03-09 10:48:43,30.9998,anomalous_or_changed_mode,flow rate in pump loop,L/min,1.0,0.0,708,расход жидкости в циркуляционном контуре насоса,main_recommended,SKAB
352,2020-03-09 10:48:46,30.0002,anomalous_or_changed_mode,flow rate in pump loop,L/min,1.0,0.0,710,расход жидкости в циркуляционном контуре насоса,main_recommended,SKAB
353,2020-03-09 10:48:48,30.0002,anomalous_or_changed_mode,flow rate in pump loop,L/min,1.0,0.0,712,расход жидкости в циркуляционном контуре насоса,main_recommended,SKAB
354,2020-03-09 10:48:51,30.9998,anomalous_or_changed_mode,flow rate in pump loop,L/min,1.0,0.0,714,расход жидкости в циркуляционном контуре насоса,main_recommended,SKAB
355,2020-03-09 10:48:54,30.9998,anomalous_or_changed_mode,flow rate in pump loop,L/min,1.0,0.0,716,расход жидкости в циркуляционном контуре насоса,main_recommended,SKAB
356,2020-03-09 10:48:56,30.9998,anomalous_or_changed_mode,flow rate in pump loop,L/min,1.0,0.0,718,расход жидкости в циркуляционном контуре насоса,main_recommended,SKAB
357,2020-03-09 10:48:58,30.9998,anomalous_or_changed_mode,flow rate in pump loop,L/min,1.0,0.0,720,расход жидкости в циркуляционном контуре насоса,main_recommended,SKAB
358,2020-03-09 10:49:00,30.9998,anomalous_or_changed_mode,flow rate in pump loop,L/min,1.0,0.0,722,расход жидкости в циркуляционном контуре насоса,main_recommended,SKAB
359,2020-03-09 10:49:03,30.0,anomalous_or_changed_mode,flow rate in pump loop,L/min,1.0,0.0,724,расход жидкости в циркуляционном контуре насоса,main_recommended,SKAB
360,2020-03-09 10:49:05,31.0,anomalous_or_changed_mode,flow rate in pump loop,L/min,1.0,0.0,726,расход жидкости в циркуляционном контуре насоса,main_recommended,SKAB
361,2020-03-09 10:49:07,30.0002,anomalous_or_changed_mode,flow rate in pump loop,L/min,1.0,0.0,728,расход жидкости в циркуляционном контуре насоса,main_recommended,SKAB
362,2020-03-09 10:49:10,30.0002,anomalous_or_changed_mode,flow rate in pump loop,L/min,1.0,0.0,730,расход жидкости в циркуляционном контуре насоса,main_recommended,SKAB
363,2020-03-09 10:49:13,30.0002,anomalous_or_changed_mode,flow rate in pump loop,L/min,1.0,0.0,732,расход жидкости в циркуляционном контуре насоса,main_recommended,SKAB
364,2020-03-09 10:49:15,30.9998,anomalous_or_changed_mode,flow rate in pump loop,L/min,1.0,0.0,734,расход жидкости в циркуляционном контуре насоса,main_recommended,SKAB
365,2020-03-09 10:49:17,30.9998,anomalous_or_changed_mode,flow rate in pump loop,L/min,1.0,0.0,736,расход жидкости в циркуляционном контуре насоса,main_recommended,SKAB
366,2020-03-09 10:49:20,30.0002,anomalous_or_changed_mode,flow rate in pump loop,L/min,1.0,0.0,738,расход жидкости в циркуляционном контуре насоса,main_recommended,SKAB
367,2020-03-09 10:49:22,30.0002,anomalous_or_changed_mode,flow rate in pump loop,L/min,1.0,0.0,740,расход жидкости в циркуляционном контуре насоса,main_recommended,SKAB
368,2020-03-09 10:49:24,30.9998,anomalous_or_changed_mode,flow rate in pump loop,L/min,1.0,0.0,742,расход жидкости в циркуляционном контуре насоса,main_recommended,SKAB
369,2020-03-09 10:49:27,30.0002,anomalous_or_changed_mode,flow rate in pump loop,L/min,1.0,0.0,744,расход жидкости в циркуляционном контуре насоса,main_recommended,SKAB
370,2020-03-09 10:49:29,30.0002,anomalous_or_changed_mode,flow rate in pump loop,L/min,1.0,0.0,746,расход жидкости в циркуляционном контуре насоса,main_recommended,SKAB
371,2020-03-09 10:49:31,30.9998,anomalous_or_changed_mode,flow rate in pump loop,L/min,1.0,0.0,748,расход жидкости в циркуляционном контуре насоса,main_recommended,SKAB
372,2020-03-09 10:49:34,30.0002,anomalous_or_changed_mode,flow rate in pump loop,L/min,1.0,0.0,750,расход жидкости в циркуляционном контуре насоса,main_recommended,SKAB
373,2020-03-09 10:49:37,31.0,anomalous_or_changed_mode,flow rate in pump loop,L/min,1.0,0.0,752,расход жидкости в циркуляционном контуре насоса,main_recommended,SKAB
374,2020-03-09 10:49:39,30.0002,anomalous_or_changed_mode,flow rate in pump loop,L/min,1.0,0.0,754,расход жидкости в циркуляционном контуре насоса,main_recommended,SKAB
375,2020-03-09 10:49:41,30.0002,anomalous_or_changed_mode,flow rate in pump loop,L/min,1.0,0.0,756,расход жидкости в циркуляционном контуре насоса,main_recommended,SKAB
376,2020-03-09 10:49:44,30.9998,anomalous_or_changed_mode,flow rate in pump loop,L/min,1.0,0.0,758,расход жидкости в циркуляционном контуре насоса,main_recommended,SKAB
377,2020-03-09 10:49:46,31.0,anomalous_or_changed_mode,flow rate in pump loop,L/min,1.0,0.0,760,расход жидкости в циркуляционном контуре насоса,main_recommended,SKAB
378,2020-03-09 10:49:48,30.0,anomalous_or_changed_mode,flow rate in pump loop,L/min,1.0,0.0,762,расход жидкости в циркуляционном контуре насоса,main_recommended,SKAB
379,2020-03-09 10:49:51,30.0002,anomalous_or_changed_mode,flow rate in pump loop,L/min,1.0,0.0,764,расход жидкости в циркуляционном контуре насоса,main_recommended,SKAB
380,2020-03-09 10:49:53,30.9998,anomalous_or_changed_mode,flow rate in pump loop,L/min,1.0,0.0,766,расход жидкости в циркуляционном контуре насоса,main_recommended,SKAB
381,2020-03-09 10:49:55,30.0002,anomalous_or_changed_mode,flow rate in pump loop,L/min,1.0,0.0,768,расход жидкости в циркуляционном контуре насоса,main_recommended,SKAB
382,2020-03-09 10:49:57,30.0002,anomalous_or_changed_mode,flow rate in pump loop,L/min,1.0,0.0,770,расход жидкости в циркуляционном контуре насоса,main_recommended,SKAB
383,2020-03-09 10:50:01,30.9998,anomalous_or_changed_mode,flow rate in pump loop,L/min,1.0,0.0,772,расход жидкости в циркуляционном контуре насоса,main_recommended,SKAB
384,2020-03-09 10:50:03,30.9998,anomalous_or_changed_mode,flow rate in pump loop,L/min,1.0,0.0,774,расход жидкости в циркуляционном контуре насоса,main_recommended,SKAB
385,2020-03-09 10:50:05,31.0,anomalous_or_changed_mode,flow rate in pump loop,L/min,1.0,0.0,776,расход жидкости в циркуляционном контуре насоса,main_recommended,SKAB
386,2020-03-09 10:50:08,30.9998,anomalous_or_changed_mode,flow rate in pump loop,L/min,1.0,0.0,778,расход жидкости в циркуляционном контуре насоса,main_recommended,SKAB
387,2020-03-09 10:50:10,30.9998,anomalous_or_changed_mode,flow rate in pump loop,L/min,1.0,0.0,780,расход жидкости в циркуляционном контуре насоса,main_recommended,SKAB
388,2020-03-09 10:50:14,30.0002,anomalous_or_changed_mode,flow rate in pump loop,L/min,1.0,0.0,784,расход жидкости в циркуляционном контуре насоса,main_recommended,SKAB
389,2020-03-09 10:50:17,30.0002,anomalous_or_changed_mode,flow rate in pump loop,L/min,1.0,0.0,786,расход жидкости в циркуляционном контуре насоса,main_recommended,SKAB
390,2020-03-09 10:50:20,30.0005,anomalous_or_changed_mode,flow rate in pump loop,L/min,1.0,0.0,788,расход жидкости в циркуляционном контуре насоса,main_recommended,SKAB
391,2020-03-09 10:50:22,30.0005,anomalous_or_changed_mode,flow rate in pump loop,L/min,1.0,0.0,790,расход жидкости в циркуляционном контуре насоса,main_recommended,SKAB
392,2020-03-09 10:50:25,30.0,anomalous_or_changed_mode,flow rate in pump loop,L/min,1.0,0.0,792,расход жидкости в циркуляционном контуре насоса,main_recommended,SKAB
393,2020-03-09 10:50:27,31.0,anomalous_or_changed_mode,flow rate in pump loop,L/min,1.0,0.0,794,расход жидкости в циркуляционном контуре насоса,main_recommended,SKAB
394,2020-03-09 10:50:29,30.0005,anomalous_or_changed_mode,flow rate in pump loop,L/min,1.0,0.0,796,расход жидкости в циркуляционном контуре насоса,main_recommended,SKAB
395,2020-03-09 10:50:30,31.0,anomalous_or_changed_mode,flow rate in pump loop,L/min,1.0,0.0,797,расход жидкости в циркуляционном контуре насоса,main_recommended,SKAB
396,2020-03-09 10:50:32,30.9995,anomalous_or_changed_mode,flow rate in pump loop,L/min,1.0,0.0,798,расход жидкости в циркуляционном контуре насоса,main_recommended,SKAB
397,2020-03-09 10:50:33,30.0005,changepoint,flow rate in pump loop,L/min,1.0,1.0,799,расход жидкости в циркуляционном контуре насоса,main_recommended,SKAB
398,2020-03-09 10:50:34,31.0,anomalous_or_changed_mode,flow rate in pump loop,L/min,1.0,0.0,800,расход жидкости в циркуляционном контуре насоса,main_recommended,SKAB
399,2020-03-09 10:50:35,30.9995,anomalous_or_changed_mode,flow rate in pump loop,L/min,1.0,0.0,801,расход жидкости в циркуляционном контуре насоса,main_recommended,SKAB
400,2020-03-09 10:50:36,30.0005,anomalous_or_changed_mode,flow rate in pump loop,L/min,1.0,0.0,802,расход жидкости в циркуляционном контуре насоса,main_recommended,SKAB
401,2020-03-09 10:50:38,31.0,anomalous_or_changed_mode,flow rate in pump loop,L/min,1.0,0.0,804,расход жидкости в циркуляционном контуре насоса,main_recommended,SKAB
402,2020-03-09 10:50:42,31.0005,anomalous_or_changed_mode,flow rate in pump loop,L/min,1.0,0.0,806,расход жидкости в циркуляционном контуре насоса,main_recommended,SKAB
403,2020-03-09 10:50:44,31.0,anomalous_or_changed_mode,flow rate in pump loop,L/min,1.0,0.0,808,расход жидкости в циркуляционном контуре насоса,main_recommended,SKAB
404,2020-03-09 10:50:46,31.0005,anomalous_or_changed_mode,flow rate in pump loop,L/min,1.0,0.0,810,расход жидкости в циркуляционном контуре насоса,main_recommended,SKAB
405,2020-03-09 10:50:48,31.0,anomalous_or_changed_mode,flow rate in pump loop,L/min,1.0,0.0,812,расход жидкости в циркуляционном контуре насоса,main_recommended,SKAB
406,2020-03-09 10:50:51,31.0005,anomalous_or_changed_mode,flow rate in pump loop,L/min,1.0,0.0,814,расход жидкости в циркуляционном контуре насоса,main_recommended,SKAB
407,2020-03-09 10:50:53,31.0005,anomalous_or_changed_mode,flow rate in pump loop,L/min,1.0,0.0,816,расход жидкости в циркуляционном контуре насоса,main_recommended,SKAB
408,2020-03-09 10:50:55,31.0005,anomalous_or_changed_mode,flow rate in pump loop,L/min,1.0,0.0,818,расход жидкости в циркуляционном контуре насоса,main_recommended,SKAB
409,2020-03-09 10:50:58,32.0,anomalous_or_changed_mode,flow rate in pump loop,L/min,1.0,0.0,820,расход жидкости в циркуляционном контуре насоса,main_recommended,SKAB
410,2020-03-09 10:51:01,31.0005,anomalous_or_changed_mode,flow rate in pump loop,L/min,1.0,0.0,822,расход жидкости в циркуляционном контуре насоса,main_recommended,SKAB
411,2020-03-09 10:51:03,32.0,anomalous_or_changed_mode,flow rate in pump loop,L/min,1.0,0.0,824,расход жидкости в циркуляционном контуре насоса,main_recommended,SKAB
412,2020-03-09 10:51:06,32.0,anomalous_or_changed_mode,flow rate in pump loop,L/min,1.0,0.0,826,расход жидкости в циркуляционном контуре насоса,main_recommended,SKAB
413,2020-03-09 10:51:08,32.0,anomalous_or_changed_mode,flow rate in pump loop,L/min,1.0,0.0,828,расход жидкости в циркуляционном контуре насоса,main_recommended,SKAB
414,2020-03-09 10:51:10,32.0,anomalous_or_changed_mode,flow rate in pump loop,L/min,1.0,0.0,830,расход жидкости в циркуляционном контуре насоса,main_recommended,SKAB
415,2020-03-09 10:51:13,31.9995,anomalous_or_changed_mode,flow rate in pump loop,L/min,1.0,0.0,832,расход жидкости в циркуляционном контуре насоса,main_recommended,SKAB
416,2020-03-09 10:51:15,32.0,anomalous_or_changed_mode,flow rate in pump loop,L/min,1.0,0.0,834,расход жидкости в циркуляционном контуре насоса,main_recommended,SKAB
417,2020-03-09 10:51:17,32.0,anomalous_or_changed_mode,flow rate in pump loop,L/min,1.0,0.0,836,расход жидкости в циркуляционном контуре насоса,main_recommended,SKAB
418,2020-03-09 10:51:19,31.0005,anomalous_or_changed_mode,flow rate in pump loop,L/min,1.0,0.0,838,расход жидкости в циркуляционном контуре насоса,main_recommended,SKAB
419,2020-03-09 10:51:23,32.0,anomalous_or_changed_mode,flow rate in pump loop,L/min,1.0,0.0,840,расход жидкости в циркуляционном контуре насоса,main_recommended,SKAB
420,2020-03-09 10:51:25,32.0,anomalous_or_changed_mode,flow rate in pump loop,L/min,1.0,0.0,842,расход жидкости в циркуляционном контуре насоса,main_recommended,SKAB
421,2020-03-09 10:51:27,31.0005,anomalous_or_changed_mode,flow rate in pump loop,L/min,1.0,0.0,844,расход жидкости в циркуляционном контуре насоса,main_recommended,SKAB
422,2020-03-09 10:51:29,32.0,anomalous_or_changed_mode,flow rate in pump loop,L/min,1.0,0.0,846,расход жидкости в циркуляционном контуре насоса,main_recommended,SKAB
423,2020-03-09 10:51:32,32.0,anomalous_or_changed_mode,flow rate in pump loop,L/min,1.0,0.0,848,расход жидкости в циркуляционном контуре насоса,main_recommended,SKAB
424,2020-03-09 10:51:33,32.0,anomalous_or_changed_mode,flow rate in pump loop,L/min,1.0,0.0,849,расход жидкости в циркуляционном контуре насоса,main_recommended,SKAB
425,2020-03-09 10:51:34,32.0,changepoint,flow rate in pump loop,L/min,0.0,1.0,850,расход жидкости в циркуляционном контуре насоса,main_recommended,SKAB
426,2020-03-09 10:51:35,31.9995,normal_mode,flow rate in pump loop,L/min,0.0,0.0,851,расход жидкости в циркуляционном контуре насоса,main_recommended,SKAB
427,2020-03-09 10:51:36,31.0005,normal_mode,flow rate in pump loop,L/min,0.0,0.0,852,расход жидкости в циркуляционном контуре насоса,main_recommended,SKAB
428,2020-03-09 10:51:37,32.0,normal_mode,flow rate in pump loop,L/min,0.0,0.0,853,расход жидкости в циркуляционном контуре насоса,main_recommended,SKAB
429,2020-03-09 10:51:39,31.0005,normal_mode,flow rate in pump loop,L/min,0.0,0.0,854,расход жидкости в циркуляционном контуре насоса,main_recommended,SKAB
430,2020-03-09 10:51:42,32.0,normal_mode,flow rate in pump loop,L/min,0.0,0.0,856,расход жидкости в циркуляционном контуре насоса,main_recommended,SKAB
431,2020-03-09 10:51:44,32.0,normal_mode,flow rate in pump loop,L/min,0.0,0.0,858,расход жидкости в циркуляционном контуре насоса,main_recommended,SKAB
432,2020-03-09 10:51:46,31.0005,normal_mode,flow rate in pump loop,L/min,0.0,0.0,860,расход жидкости в циркуляционном контуре насоса,main_recommended,SKAB
433,2020-03-09 10:51:49,32.0,normal_mode,flow rate in pump loop,L/min,0.0,0.0,862,расход жидкости в циркуляционном контуре насоса,main_recommended,SKAB
434,2020-03-09 10:51:51,31.0005,normal_mode,flow rate in pump loop,L/min,0.0,0.0,864,расход жидкости в циркуляционном контуре насоса,main_recommended,SKAB
435,2020-03-09 10:51:53,32.0,normal_mode,flow rate in pump loop,L/min,0.0,0.0,866,расход жидкости в циркуляционном контуре насоса,main_recommended,SKAB
436,2020-03-09 10:51:56,31.0005,normal_mode,flow rate in pump loop,L/min,0.0,0.0,868,расход жидкости в циркуляционном контуре насоса,main_recommended,SKAB
437,2020-03-09 10:51:58,32.0005,normal_mode,flow rate in pump loop,L/min,0.0,0.0,870,расход жидкости в циркуляционном контуре насоса,main_recommended,SKAB
438,2020-03-09 10:52:01,32.0,normal_mode,flow rate in pump loop,L/min,0.0,0.0,872,расход жидкости в циркуляционном контуре насоса,main_recommended,SKAB
439,2020-03-09 10:52:06,31.0005,normal_mode,flow rate in pump loop,L/min,0.0,0.0,876,расход жидкости в циркуляционном контуре насоса,main_recommended,SKAB
440,2020-03-09 10:52:08,32.0,normal_mode,flow rate in pump loop,L/min,0.0,0.0,878,расход жидкости в циркуляционном контуре насоса,main_recommended,SKAB
441,2020-03-09 10:52:11,31.0005,normal_mode,flow rate in pump loop,L/min,0.0,0.0,880,расход жидкости в циркуляционном контуре насоса,main_recommended,SKAB
442,2020-03-09 10:52:13,32.0,normal_mode,flow rate in pump loop,L/min,0.0,0.0,882,расход жидкости в циркуляционном контуре насоса,main_recommended,SKAB
443,2020-03-09 10:52:15,31.001,normal_mode,flow rate in pump loop,L/min,0.0,0.0,884,расход жидкости в циркуляционном контуре насоса,main_recommended,SKAB
444,2020-03-09 10:52:17,32.0,normal_mode,flow rate in pump loop,L/min,0.0,0.0,886,расход жидкости в циркуляционном контуре насоса,main_recommended,SKAB
445,2020-03-09 10:52:21,31.0007,normal_mode,flow rate in pump loop,L/min,0.0,0.0,888,расход жидкости в циркуляционном контуре насоса,main_recommended,SKAB
446,2020-03-09 10:52:23,32.0,normal_mode,flow rate in pump loop,L/min,0.0,0.0,890,расход жидкости в циркуляционном контуре насоса,main_recommended,SKAB
447,2020-03-09 10:52:25,31.0007,normal_mode,flow rate in pump loop,L/min,0.0,0.0,892,расход жидкости в циркуляционном контуре насоса,main_recommended,SKAB
448,2020-03-09 10:52:28,31.9993,normal_mode,flow rate in pump loop,L/min,0.0,0.0,894,расход жидкости в циркуляционном контуре насоса,main_recommended,SKAB
449,2020-03-09 10:52:30,32.0,normal_mode,flow rate in pump loop,L/min,0.0,0.0,896,расход жидкости в циркуляционном контуре насоса,main_recommended,SKAB
450,2020-03-09 10:52:32,32.0,normal_mode,flow rate in pump loop,L/min,0.0,0.0,898,расход жидкости в циркуляционном контуре насоса,main_recommended,SKAB
451,2020-03-09 10:52:34,31.0007,normal_mode,flow rate in pump loop,L/min,0.0,0.0,900,расход жидкости в циркуляционном контуре насоса,main_recommended,SKAB
452,2020-03-09 10:52:37,32.0,normal_mode,flow rate in pump loop,L/min,0.0,0.0,902,расход жидкости в циркуляционном контуре насоса,main_recommended,SKAB
453,2020-03-09 10:52:40,31.0015,normal_mode,flow rate in pump loop,L/min,0.0,0.0,904,расход жидкости в циркуляционном контуре насоса,main_recommended,SKAB
454,2020-03-09 10:52:42,31.0007,normal_mode,flow rate in pump loop,L/min,0.0,0.0,906,расход жидкости в циркуляционном контуре насоса,main_recommended,SKAB
455,2020-03-09 10:52:45,32.0,normal_mode,flow rate in pump loop,L/min,0.0,0.0,908,расход жидкости в циркуляционном контуре насоса,main_recommended,SKAB
456,2020-03-09 10:52:47,31.0007,normal_mode,flow rate in pump loop,L/min,0.0,0.0,910,расход жидкости в циркуляционном контуре насоса,main_recommended,SKAB
457,2020-03-09 10:52:49,32.0,normal_mode,flow rate in pump loop,L/min,0.0,0.0,912,расход жидкости в циркуляционном контуре насоса,main_recommended,SKAB
458,2020-03-09 10:52:51,32.0,normal_mode,flow rate in pump loop,L/min,0.0,0.0,914,расход жидкости в циркуляционном контуре насоса,main_recommended,SKAB
459,2020-03-09 10:52:54,31.0007,normal_mode,flow rate in pump loop,L/min,0.0,0.0,916,расход жидкости в циркуляционном контуре насоса,main_recommended,SKAB
460,2020-03-09 10:52:56,31.0007,normal_mode,flow rate in pump loop,L/min,0.0,0.0,918,расход жидкости в циркуляционном контуре насоса,main_recommended,SKAB
461,2020-03-09 10:52:58,32.0,normal_mode,flow rate in pump loop,L/min,0.0,0.0,920,расход жидкости в циркуляционном контуре насоса,main_recommended,SKAB
462,2020-03-09 10:53:01,31.0007,normal_mode,flow rate in pump loop,L/min,0.0,0.0,922,расход жидкости в циркуляционном контуре насоса,main_recommended,SKAB
463,2020-03-09 10:53:04,32.0,normal_mode,flow rate in pump loop,L/min,0.0,0.0,924,расход жидкости в циркуляционном контуре насоса,main_recommended,SKAB
464,2020-03-09 10:53:06,31.0007,normal_mode,flow rate in pump loop,L/min,0.0,0.0,926,расход жидкости в циркуляционном контуре насоса,main_recommended,SKAB
465,2020-03-09 10:53:08,31.0007,normal_mode,flow rate in pump loop,L/min,0.0,0.0,928,расход жидкости в циркуляционном контуре насоса,main_recommended,SKAB
466,2020-03-09 10:53:11,31.0007,normal_mode,flow rate in pump loop,L/min,0.0,0.0,930,расход жидкости в циркуляционном контуре насоса,main_recommended,SKAB
467,2020-03-09 10:53:13,31.0007,normal_mode,flow rate in pump loop,L/min,0.0,0.0,932,расход жидкости в циркуляционном контуре насоса,main_recommended,SKAB
468,2020-03-09 10:53:15,32.0,normal_mode,flow rate in pump loop,L/min,0.0,0.0,934,расход жидкости в циркуляционном контуре насоса,main_recommended,SKAB
469,2020-03-09 10:53:17,31.0007,normal_mode,flow rate in pump loop,L/min,0.0,0.0,936,расход жидкости в циркуляционном контуре насоса,main_recommended,SKAB
470,2020-03-09 10:53:20,32.0,normal_mode,flow rate in pump loop,L/min,0.0,0.0,938,расход жидкости в циркуляционном контуре насоса,main_recommended,SKAB
471,2020-03-09 10:53:23,31.0007,normal_mode,flow rate in pump loop,L/min,0.0,0.0,940,расход жидкости в циркуляционном контуре насоса,main_recommended,SKAB
472,2020-03-09 10:53:26,31.9993,normal_mode,flow rate in pump loop,L/min,0.0,0.0,942,расход жидкости в циркуляционном контуре насоса,main_recommended,SKAB
473,2020-03-09 10:53:28,32.0,normal_mode,flow rate in pump loop,L/min,0.0,0.0,944,расход жидкости в циркуляционном контуре насоса,main_recommended,SKAB
474,2020-03-09 10:53:30,32.0,normal_mode,flow rate in pump loop,L/min,0.0,0.0,946,расход жидкости в циркуляционном контуре насоса,main_recommended,SKAB
475,2020-03-09 10:53:32,31.9993,normal_mode,flow rate in pump loop,L/min,0.0,0.0,948,расход жидкости в циркуляционном контуре насоса,main_recommended,SKAB
476,2020-03-09 10:53:35,31.9993,normal_mode,flow rate in pump loop,L/min,0.0,0.0,950,расход жидкости в циркуляционном контуре насоса,main_recommended,SKAB
477,2020-03-09 10:53:37,31.9993,normal_mode,flow rate in pump loop,L/min,0.0,0.0,952,расход жидкости в циркуляционном контуре насоса,main_recommended,SKAB
478,2020-03-09 10:53:39,32.0,normal_mode,flow rate in pump loop,L/min,0.0,0.0,954,расход жидкости в циркуляционном контуре насоса,main_recommended,SKAB
479,2020-03-09 10:53:45,31.9993,normal_mode,flow rate in pump loop,L/min,0.0,0.0,958,расход жидкости в циркуляционном контуре насоса,main_recommended,SKAB
480,2020-03-09 10:53:47,32.0,normal_mode,flow rate in pump loop,L/min,0.0,0.0,960,расход жидкости в циркуляционном контуре насоса,main_recommended,SKAB
481,2020-03-09 10:53:49,31.0007,normal_mode,flow rate in pump loop,L/min,0.0,0.0,962,расход жидкости в циркуляционном контуре насоса,main_recommended,SKAB
482,2020-03-09 10:53:52,32.0,normal_mode,flow rate in pump loop,L/min,0.0,0.0,964,расход жидкости в циркуляционном контуре насоса,main_recommended,SKAB
483,2020-03-09 10:53:54,31.0007,normal_mode,flow rate in pump loop,L/min,0.0,0.0,966,расход жидкости в циркуляционном контуре насоса,main_recommended,SKAB
484,2020-03-09 10:53:56,32.0,normal_mode,flow rate in pump loop,L/min,0.0,0.0,968,расход жидкости в циркуляционном контуре насоса,main_recommended,SKAB
485,2020-03-09 10:53:59,31.0007,normal_mode,flow rate in pump loop,L/min,0.0,0.0,970,расход жидкости в циркуляционном контуре насоса,main_recommended,SKAB
486,2020-03-09 10:54:01,31.9993,normal_mode,flow rate in pump loop,L/min,0.0,0.0,972,расход жидкости в циркуляционном контуре насоса,main_recommended,SKAB
487,2020-03-09 10:54:03,31.0007,normal_mode,flow rate in pump loop,L/min,0.0,0.0,974,расход жидкости в циркуляционном контуре насоса,main_recommended,SKAB
488,2020-03-09 10:54:06,31.0007,normal_mode,flow rate in pump loop,L/min,0.0,0.0,976,расход жидкости в циркуляционном контуре насоса,main_recommended,SKAB
489,2020-03-09 10:54:09,31.0007,normal_mode,flow rate in pump loop,L/min,0.0,0.0,978,расход жидкости в циркуляционном контуре насоса,main_recommended,SKAB
490,2020-03-09 10:54:11,31.0007,normal_mode,flow rate in pump loop,L/min,0.0,0.0,980,расход жидкости в циркуляционном контуре насоса,main_recommended,SKAB
491,2020-03-09 10:54:13,31.0,normal_mode,flow rate in pump loop,L/min,0.0,0.0,982,расход жидкости в циркуляционном контуре насоса,main_recommended,SKAB
492,2020-03-09 10:54:16,31.0007,normal_mode,flow rate in pump loop,L/min,0.0,0.0,984,расход жидкости в циркуляционном контуре насоса,main_recommended,SKAB
493,2020-03-09 10:54:18,31.0007,normal_mode,flow rate in pump loop,L/min,0.0,0.0,986,расход жидкости в циркуляционном контуре насоса,main_recommended,SKAB
494,2020-03-09 10:54:20,31.0,normal_mode,flow rate in pump loop,L/min,0.0,0.0,988,расход жидкости в циркуляционном контуре насоса,main_recommended,SKAB
495,2020-03-09 10:54:22,31.999,normal_mode,flow rate in pump loop,L/min,0.0,0.0,990,расход жидкости в циркуляционном контуре насоса,main_recommended,SKAB
496,2020-03-09 10:54:25,31.999,normal_mode,flow rate in pump loop,L/min,0.0,0.0,992,расход жидкости в циркуляционном контуре насоса,main_recommended,SKAB
497,2020-03-09 10:54:28,31.999,normal_mode,flow rate in pump loop,L/min,0.0,0.0,994,расход жидкости в циркуляционном контуре насоса,main_recommended,SKAB
498,2020-03-09 10:54:30,32.0,normal_mode,flow rate in pump loop,L/min,0.0,0.0,996,расход жидкости в циркуляционном контуре насоса,main_recommended,SKAB
499,2020-03-09 10:54:33,31.999,normal_mode,flow rate in pump loop,L/min,0.0,0.0,998,расход жидкости в циркуляционном контуре насоса,main_recommended,SKAB
