t,timestamp,value,regime_hint,source_y_name,y_units,Occupancy,original_index,source_y_name_ru,recommended_group,source_dataset
0,2015-02-02 14:19:00,585.2,occupied_room,room light level,Lux,1,0,уровень освещённости в помещении,main_recommended,UCI Occupancy
1,2015-02-02 14:28:00,510.0,occupied_room,room light level,Lux,1,2,уровень освещённости в помещении,main_recommended,UCI Occupancy
2,2015-02-02 14:30:00,481.8,occupied_room,room light level,Lux,1,3,уровень освещённости в помещении,main_recommended,UCI Occupancy
3,2015-02-02 14:38:00,464.0,occupied_room,room light level,Lux,1,5,уровень освещённости в помещении,main_recommended,UCI Occupancy
4,2015-02-02 14:42:00,530.2,occupied_room,room light level,Lux,1,6,уровень освещённости в помещении,main_recommended,UCI Occupancy
5,2015-02-02 14:48:00,522.0,occupied_room,room light level,Lux,1,8,уровень освещённости в помещении,main_recommended,UCI Occupancy
6,2015-02-02 14:53:00,511.0,occupied_room,room light level,Lux,1,10,уровень освещённости в помещении,main_recommended,UCI Occupancy
7,2015-02-02 14:57:59,473.0,occupied_room,room light level,Lux,1,11,уровень освещённости в помещении,main_recommended,UCI Occupancy
8,2015-02-02 15:04:00,454.0,occupied_room,room light level,Lux,1,13,уровень освещённости в помещении,main_recommended,UCI Occupancy
9,2015-02-02 15:14:00,451.6,occupied_room,room light level,Lux,1,16,уровень освещённости в помещении,main_recommended,UCI Occupancy
10,2015-02-02 15:22:00,475.666666666667,occupied_room,room light level,Lux,1,18,уровень освещённости в помещении,main_recommended,UCI Occupancy
11,2015-02-02 15:23:59,467.75,occupied_room,room light level,Lux,1,19,уровень освещённости в помещении,main_recommended,UCI Occupancy
12,2015-02-02 15:32:00,470.0,occupied_room,room light level,Lux,1,21,уровень освещённости в помещении,main_recommended,UCI Occupancy
13,2015-02-02 15:35:00,449.0,occupied_room,room light level,Lux,1,22,уровень освещённости в помещении,main_recommended,UCI Occupancy
14,2015-02-02 15:40:00,469.0,occupied_room,room light level,Lux,1,24,уровень освещённости в помещении,main_recommended,UCI Occupancy
15,2015-02-02 15:47:00,454.75,occupied_room,room light level,Lux,1,26,уровень освещённости в помещении,main_recommended,UCI Occupancy
16,2015-02-02 15:49:59,444.0,occupied_room,room light level,Lux,1,27,уровень освещённости в помещении,main_recommended,UCI Occupancy
17,2015-02-02 15:59:00,429.0,occupied_room,room light level,Lux,1,29,уровень освещённости в помещении,main_recommended,UCI Occupancy
18,2015-02-02 16:00:00,429.0,occupied_room,room light level,Lux,1,30,уровень освещённости в помещении,main_recommended,UCI Occupancy
19,2015-02-02 16:06:00,429.0,occupied_room,room light level,Lux,1,32,уровень освещённости в помещении,main_recommended,UCI Occupancy
20,2015-02-02 16:14:00,429.0,occupied_room,room light level,Lux,1,34,уровень освещённости в помещении,main_recommended,UCI Occupancy
21,2015-02-02 16:17:00,439.0,occupied_room,room light level,Lux,1,35,уровень освещённости в помещении,main_recommended,UCI Occupancy
22,2015-02-02 16:23:00,444.0,occupied_room,room light level,Lux,1,37,уровень освещённости в помещении,main_recommended,UCI Occupancy
23,2015-02-02 16:33:00,444.0,occupied_room,room light level,Lux,1,40,уровень освещённости в помещении,main_recommended,UCI Occupancy
24,2015-02-02 16:40:00,440.25,occupied_room,room light level,Lux,1,42,уровень освещённости в помещении,main_recommended,UCI Occupancy
25,2015-02-02 16:43:00,439.0,occupied_room,room light level,Lux,1,43,уровень освещённости в помещении,main_recommended,UCI Occupancy
26,2015-02-02 16:51:00,442.5,occupied_room,room light level,Lux,1,45,уровень освещённости в помещении,main_recommended,UCI Occupancy
27,2015-02-02 16:53:00,438.0,occupied_room,room light level,Lux,1,46,уровень освещённости в помещении,main_recommended,UCI Occupancy
28,2015-02-02 16:59:59,428.2,occupied_room,room light level,Lux,1,48,уровень освещённости в помещении,main_recommended,UCI Occupancy
29,2015-02-02 17:08:00,425.4,occupied_room,room light level,Lux,1,50,уровень освещённости в помещении,main_recommended,UCI Occupancy
30,2015-02-02 17:10:00,433.0,occupied_room,room light level,Lux,1,51,уровень освещённости в помещении,main_recommended,UCI Occupancy
31,2015-02-02 17:16:00,433.0,occupied_room,room light level,Lux,1,53,уровень освещённости в помещении,main_recommended,UCI Occupancy
32,2015-02-02 17:22:00,433.0,occupied_room,room light level,Lux,1,54,уровень освещённости в помещении,main_recommended,UCI Occupancy
33,2015-02-02 17:25:59,433.0,occupied_room,room light level,Lux,1,56,уровень освещённости в помещении,main_recommended,UCI Occupancy
34,2015-02-02 17:31:59,424.6,occupied_room,room light level,Lux,1,57,уровень освещённости в помещении,main_recommended,UCI Occupancy
35,2015-02-02 17:32:59,433.0,occupied_room,room light level,Lux,1,58,уровень освещённости в помещении,main_recommended,UCI Occupancy
36,2015-02-02 17:36:00,423.666666666667,empty_room,room light level,Lux,0,59,уровень освещённости в помещении,main_recommended,UCI Occupancy
37,2015-02-02 17:39:59,426.0,empty_room,room light level,Lux,0,60,уровень освещённости в помещении,main_recommended,UCI Occupancy
38,2015-02-02 17:43:00,419.0,empty_room,room light level,Lux,0,61,уровень освещённости в помещении,main_recommended,UCI Occupancy
39,2015-02-02 17:45:59,419.0,empty_room,room light level,Lux,0,62,уровень освещённости в помещении,main_recommended,UCI Occupancy
40,2015-02-02 17:50:00,419.0,empty_room,room light level,Lux,0,63,уровень освещённости в помещении,main_recommended,UCI Occupancy
41,2015-02-02 17:53:00,419.0,empty_room,room light level,Lux,0,64,уровень освещённости в помещении,main_recommended,UCI Occupancy
42,2015-02-02 17:58:59,419.0,occupied_room,room light level,Lux,1,65,уровень освещённости в помещении,main_recommended,UCI Occupancy
43,2015-02-02 18:02:00,418.6,occupied_room,room light level,Lux,1,66,уровень освещённости в помещении,main_recommended,UCI Occupancy
44,2015-02-02 18:04:59,0.0,empty_room,room light level,Lux,0,67,уровень освещённости в помещении,main_recommended,UCI Occupancy
45,2015-02-02 18:06:00,0.0,empty_room,room light level,Lux,0,68,уровень освещённости в помещении,main_recommended,UCI Occupancy
46,2015-02-02 18:10:00,0.0,empty_room,room light level,Lux,0,69,уровень освещённости в помещении,main_recommended,UCI Occupancy
47,2015-02-02 18:13:00,0.0,empty_room,room light level,Lux,0,70,уровень освещённости в помещении,main_recommended,UCI Occupancy
48,2015-02-02 18:20:00,0.0,empty_room,room light level,Lux,0,72,уровень освещённости в помещении,main_recommended,UCI Occupancy
49,2015-02-02 18:29:59,0.0,empty_room,room light level,Lux,0,75,уровень освещённости в помещении,main_recommended,UCI Occupancy
50,2015-02-02 18:36:00,0.0,empty_room,room light level,Lux,0,77,уровень освещённости в помещении,main_recommended,UCI Occupancy
51,2015-02-02 18:40:00,0.0,empty_room,room light level,Lux,0,78,уровень освещённости в помещении,main_recommended,UCI Occupancy
52,2015-02-02 18:46:00,0.0,empty_room,room light level,Lux,0,80,уровень освещённости в помещении,main_recommended,UCI Occupancy
53,2015-02-02 18:53:00,0.0,empty_room,room light level,Lux,0,82,уровень освещённости в помещении,main_recommended,UCI Occupancy
54,2015-02-02 18:55:59,0.0,empty_room,room light level,Lux,0,83,уровень освещённости в помещении,main_recommended,UCI Occupancy
55,2015-02-02 19:02:59,0.0,empty_room,room light level,Lux,0,85,уровень освещённости в помещении,main_recommended,UCI Occupancy
56,2015-02-02 19:06:00,0.0,empty_room,room light level,Lux,0,86,уровень освещённости в помещении,main_recommended,UCI Occupancy
57,2015-02-02 19:13:00,0.0,empty_room,room light level,Lux,0,88,уровень освещённости в помещении,main_recommended,UCI Occupancy
58,2015-02-02 19:20:00,0.0,empty_room,room light level,Lux,0,90,уровень освещённости в помещении,main_recommended,UCI Occupancy
59,2015-02-02 19:23:00,0.0,empty_room,room light level,Lux,0,91,уровень освещённости в помещении,main_recommended,UCI Occupancy
60,2015-02-02 19:30:00,0.0,empty_room,room light level,Lux,0,93,уровень освещённости в помещении,main_recommended,UCI Occupancy
61,2015-02-02 19:33:00,0.0,empty_room,room light level,Lux,0,94,уровень освещённости в помещении,main_recommended,UCI Occupancy
62,2015-02-02 19:40:00,0.0,empty_room,room light level,Lux,0,96,уровень освещённости в помещении,main_recommended,UCI Occupancy
63,2015-02-02 19:50:00,0.0,empty_room,room light level,Lux,0,99,уровень освещённости в помещении,main_recommended,UCI Occupancy
64,2015-02-02 19:57:00,0.0,empty_room,room light level,Lux,0,101,уровень освещённости в помещении,main_recommended,UCI Occupancy
65,2015-02-02 19:59:59,0.0,empty_room,room light level,Lux,0,102,уровень освещённости в помещении,main_recommended,UCI Occupancy
66,2015-02-02 20:06:59,0.0,empty_room,room light level,Lux,0,104,уровень освещённости в помещении,main_recommended,UCI Occupancy
67,2015-02-02 20:12:59,0.0,empty_room,room light level,Lux,0,106,уровень освещённости в помещении,main_recommended,UCI Occupancy
68,2015-02-02 20:17:00,0.0,empty_room,room light level,Lux,0,107,уровень освещённости в помещении,main_recommended,UCI Occupancy
69,2015-02-02 20:23:00,0.0,empty_room,room light level,Lux,0,109,уровень освещённости в помещении,main_recommended,UCI Occupancy
70,2015-02-02 20:26:59,0.0,empty_room,room light level,Lux,0,110,уровень освещённости в помещении,main_recommended,UCI Occupancy
71,2015-02-02 20:32:59,0.0,empty_room,room light level,Lux,0,112,уровень освещённости в помещении,main_recommended,UCI Occupancy
72,2015-02-02 20:39:59,0.0,empty_room,room light level,Lux,0,114,уровень освещённости в помещении,main_recommended,UCI Occupancy
73,2015-02-02 20:43:00,0.0,empty_room,room light level,Lux,0,115,уровень освещённости в помещении,main_recommended,UCI Occupancy
74,2015-02-02 20:50:00,0.0,empty_room,room light level,Lux,0,117,уровень освещённости в помещении,main_recommended,UCI Occupancy
75,2015-02-02 20:53:00,0.0,empty_room,room light level,Lux,0,118,уровень освещённости в помещении,main_recommended,UCI Occupancy
76,2015-02-02 21:00:00,0.0,empty_room,room light level,Lux,0,120,уровень освещённости в помещении,main_recommended,UCI Occupancy
77,2015-02-02 21:10:00,0.0,empty_room,room light level,Lux,0,123,уровень освещённости в помещении,main_recommended,UCI Occupancy
78,2015-02-02 21:16:59,0.0,empty_room,room light level,Lux,0,125,уровень освещённости в помещении,main_recommended,UCI Occupancy
79,2015-02-02 21:20:00,0.0,empty_room,room light level,Lux,0,126,уровень освещённости в помещении,main_recommended,UCI Occupancy
80,2015-02-02 21:27:00,0.0,empty_room,room light level,Lux,0,128,уровень освещённости в помещении,main_recommended,UCI Occupancy
81,2015-02-02 21:33:00,0.0,empty_room,room light level,Lux,0,130,уровень освещённости в помещении,main_recommended,UCI Occupancy
82,2015-02-02 21:36:59,0.0,empty_room,room light level,Lux,0,131,уровень освещённости в помещении,main_recommended,UCI Occupancy
83,2015-02-02 21:42:59,0.0,empty_room,room light level,Lux,0,133,уровень освещённости в помещении,main_recommended,UCI Occupancy
84,2015-02-02 21:47:00,0.0,empty_room,room light level,Lux,0,134,уровень освещённости в помещении,main_recommended,UCI Occupancy
85,2015-02-02 21:53:00,0.0,empty_room,room light level,Lux,0,136,уровень освещённости в помещении,main_recommended,UCI Occupancy
86,2015-02-02 22:00:00,0.0,empty_room,room light level,Lux,0,138,уровень освещённости в помещении,main_recommended,UCI Occupancy
87,2015-02-02 22:02:59,0.0,empty_room,room light level,Lux,0,139,уровень освещённости в помещении,main_recommended,UCI Occupancy
88,2015-02-02 22:09:59,0.0,empty_room,room light level,Lux,0,141,уровень освещённости в помещении,main_recommended,UCI Occupancy
89,2015-02-02 22:13:00,0.0,empty_room,room light level,Lux,0,142,уровень освещённости в помещении,main_recommended,UCI Occupancy
90,2015-02-02 22:20:00,0.0,empty_room,room light level,Lux,0,144,уровень освещённости в помещении,main_recommended,UCI Occupancy
91,2015-02-02 22:30:00,0.0,empty_room,room light level,Lux,0,147,уровень освещённости в помещении,main_recommended,UCI Occupancy
92,2015-02-02 22:37:00,0.0,empty_room,room light level,Lux,0,149,уровень освещённости в помещении,main_recommended,UCI Occupancy
93,2015-02-02 22:40:00,0.0,empty_room,room light level,Lux,0,150,уровень освещённости в помещении,main_recommended,UCI Occupancy
94,2015-02-02 22:46:59,0.0,empty_room,room light level,Lux,0,152,уровень освещённости в помещении,main_recommended,UCI Occupancy
95,2015-02-02 22:53:00,0.0,empty_room,room light level,Lux,0,154,уровень освещённости в помещении,main_recommended,UCI Occupancy
96,2015-02-02 22:57:00,0.0,empty_room,room light level,Lux,0,155,уровень освещённости в помещении,main_recommended,UCI Occupancy
97,2015-02-02 23:03:00,0.0,empty_room,room light level,Lux,0,157,уровень освещённости в помещении,main_recommended,UCI Occupancy
98,2015-02-02 23:06:59,0.0,empty_room,room light level,Lux,0,158,уровень освещённости в помещении,main_recommended,UCI Occupancy
99,2015-02-02 23:12:59,0.0,empty_room,room light level,Lux,0,160,уровень освещённости в помещении,main_recommended,UCI Occupancy
100,2015-02-02 23:19:59,0.0,empty_room,room light level,Lux,0,162,уровень освещённости в помещении,main_recommended,UCI Occupancy
101,2015-02-02 23:23:00,0.0,empty_room,room light level,Lux,0,163,уровень освещённости в помещении,main_recommended,UCI Occupancy
102,2015-02-02 23:30:00,0.0,empty_room,room light level,Lux,0,165,уровень освещённости в помещении,main_recommended,UCI Occupancy
103,2015-02-02 23:32:59,0.0,empty_room,room light level,Lux,0,166,уровень освещённости в помещении,main_recommended,UCI Occupancy
104,2015-02-02 23:39:59,0.0,empty_room,room light level,Lux,0,168,уровень освещённости в помещении,main_recommended,UCI Occupancy
105,2015-02-02 23:50:00,0.0,empty_room,room light level,Lux,0,171,уровень освещённости в помещении,main_recommended,UCI Occupancy
106,2015-02-02 23:57:00,0.0,empty_room,room light level,Lux,0,173,уровень освещённости в помещении,main_recommended,UCI Occupancy
107,2015-02-03 00:00:00,0.0,empty_room,room light level,Lux,0,174,уровень освещённости в помещении,main_recommended,UCI Occupancy
108,2015-02-03 00:07:00,0.0,empty_room,room light level,Lux,0,176,уровень освещённости в помещении,main_recommended,UCI Occupancy
109,2015-02-03 00:14:00,0.0,empty_room,room light level,Lux,0,178,уровень освещённости в помещении,main_recommended,UCI Occupancy
110,2015-02-03 00:16:59,0.0,empty_room,room light level,Lux,0,179,уровень освещённости в помещении,main_recommended,UCI Occupancy
111,2015-02-03 00:23:59,0.0,empty_room,room light level,Lux,0,181,уровень освещённости в помещении,main_recommended,UCI Occupancy
112,2015-02-03 00:27:00,0.0,empty_room,room light level,Lux,0,182,уровень освещённости в помещении,main_recommended,UCI Occupancy
113,2015-02-03 00:34:00,0.0,empty_room,room light level,Lux,0,184,уровень освещённости в помещении,main_recommended,UCI Occupancy
114,2015-02-03 00:40:00,0.0,empty_room,room light level,Lux,0,186,уровень освещённости в помещении,main_recommended,UCI Occupancy
115,2015-02-03 00:43:59,0.0,empty_room,room light level,Lux,0,187,уровень освещённости в помещении,main_recommended,UCI Occupancy
116,2015-02-03 00:49:59,0.0,empty_room,room light level,Lux,0,189,уровень освещённости в помещении,main_recommended,UCI Occupancy
117,2015-02-03 00:53:59,0.0,empty_room,room light level,Lux,0,190,уровень освещённости в помещении,main_recommended,UCI Occupancy
118,2015-02-03 01:00:00,0.0,empty_room,room light level,Lux,0,192,уровень освещённости в помещении,main_recommended,UCI Occupancy
119,2015-02-03 01:09:59,0.0,empty_room,room light level,Lux,0,195,уровень освещённости в помещении,main_recommended,UCI Occupancy
120,2015-02-03 01:17:00,0.0,empty_room,room light level,Lux,0,197,уровень освещённости в помещении,main_recommended,UCI Occupancy
121,2015-02-03 01:20:00,0.0,empty_room,room light level,Lux,0,198,уровень освещённости в помещении,main_recommended,UCI Occupancy
122,2015-02-03 01:27:00,0.0,empty_room,room light level,Lux,0,200,уровень освещённости в помещении,main_recommended,UCI Occupancy
123,2015-02-03 01:30:00,0.0,empty_room,room light level,Lux,0,201,уровень освещённости в помещении,main_recommended,UCI Occupancy
124,2015-02-03 01:37:00,0.0,empty_room,room light level,Lux,0,203,уровень освещённости в помещении,main_recommended,UCI Occupancy
125,2015-02-03 01:44:00,0.0,empty_room,room light level,Lux,0,205,уровень освещённости в помещении,main_recommended,UCI Occupancy
126,2015-02-03 01:46:59,0.0,empty_room,room light level,Lux,0,206,уровень освещённости в помещении,main_recommended,UCI Occupancy
127,2015-02-03 01:53:59,0.0,empty_room,room light level,Lux,0,208,уровень освещённости в помещении,main_recommended,UCI Occupancy
128,2015-02-03 01:57:00,0.0,empty_room,room light level,Lux,0,209,уровень освещённости в помещении,main_recommended,UCI Occupancy
129,2015-02-03 02:04:00,0.0,empty_room,room light level,Lux,0,211,уровень освещённости в помещении,main_recommended,UCI Occupancy
130,2015-02-03 02:10:00,0.0,empty_room,room light level,Lux,0,213,уровень освещённости в помещении,main_recommended,UCI Occupancy
131,2015-02-03 02:13:59,0.0,empty_room,room light level,Lux,0,214,уровень освещённости в помещении,main_recommended,UCI Occupancy
132,2015-02-03 02:19:59,0.0,empty_room,room light level,Lux,0,216,уровень освещённости в помещении,main_recommended,UCI Occupancy
133,2015-02-03 02:30:00,0.0,empty_room,room light level,Lux,0,219,уровень освещённости в помещении,main_recommended,UCI Occupancy
134,2015-02-03 02:37:00,0.0,empty_room,room light level,Lux,0,221,уровень освещённости в помещении,main_recommended,UCI Occupancy
135,2015-02-03 02:39:59,0.0,empty_room,room light level,Lux,0,222,уровень освещённости в помещении,main_recommended,UCI Occupancy
136,2015-02-03 02:47:00,0.0,empty_room,room light level,Lux,0,224,уровень освещённости в помещении,main_recommended,UCI Occupancy
137,2015-02-03 02:50:00,0.0,empty_room,room light level,Lux,0,225,уровень освещённости в помещении,main_recommended,UCI Occupancy
138,2015-02-03 02:57:00,0.0,empty_room,room light level,Lux,0,227,уровень освещённости в помещении,main_recommended,UCI Occupancy
139,2015-02-03 03:04:00,0.0,empty_room,room light level,Lux,0,229,уровень освещённости в помещении,main_recommended,UCI Occupancy
140,2015-02-03 03:07:00,0.0,empty_room,room light level,Lux,0,230,уровень освещённости в помещении,main_recommended,UCI Occupancy
141,2015-02-03 03:14:00,0.0,empty_room,room light level,Lux,0,232,уровень освещённости в помещении,main_recommended,UCI Occupancy
142,2015-02-03 03:16:59,0.0,empty_room,room light level,Lux,0,233,уровень освещённости в помещении,main_recommended,UCI Occupancy
143,2015-02-03 03:23:59,0.0,empty_room,room light level,Lux,0,235,уровень освещённости в помещении,main_recommended,UCI Occupancy
144,2015-02-03 03:29:59,0.0,empty_room,room light level,Lux,0,237,уровень освещённости в помещении,main_recommended,UCI Occupancy
145,2015-02-03 03:34:00,0.0,empty_room,room light level,Lux,0,238,уровень освещённости в помещении,main_recommended,UCI Occupancy
146,2015-02-03 03:40:00,0.0,empty_room,room light level,Lux,0,240,уровень освещённости в помещении,main_recommended,UCI Occupancy
147,2015-02-03 03:49:59,0.0,empty_room,room light level,Lux,0,243,уровень освещённости в помещении,main_recommended,UCI Occupancy
148,2015-02-03 03:56:59,0.0,empty_room,room light level,Lux,0,245,уровень освещённости в помещении,main_recommended,UCI Occupancy
149,2015-02-03 04:00:00,0.0,empty_room,room light level,Lux,0,246,уровень освещённости в помещении,main_recommended,UCI Occupancy
150,2015-02-03 04:07:00,0.0,empty_room,room light level,Lux,0,248,уровень освещённости в помещении,main_recommended,UCI Occupancy
151,2015-02-03 04:09:59,0.0,empty_room,room light level,Lux,0,249,уровень освещённости в помещении,main_recommended,UCI Occupancy
152,2015-02-03 04:17:00,0.0,empty_room,room light level,Lux,0,251,уровень освещённости в помещении,main_recommended,UCI Occupancy
153,2015-02-03 04:24:00,0.0,empty_room,room light level,Lux,0,253,уровень освещённости в помещении,main_recommended,UCI Occupancy
154,2015-02-03 04:27:00,0.0,empty_room,room light level,Lux,0,254,уровень освещённости в помещении,main_recommended,UCI Occupancy
155,2015-02-03 04:34:00,0.0,empty_room,room light level,Lux,0,256,уровень освещённости в помещении,main_recommended,UCI Occupancy
156,2015-02-03 04:37:00,0.0,empty_room,room light level,Lux,0,257,уровень освещённости в помещении,main_recommended,UCI Occupancy
157,2015-02-03 04:44:00,0.0,empty_room,room light level,Lux,0,259,уровень освещённости в помещении,main_recommended,UCI Occupancy
158,2015-02-03 04:50:00,0.0,empty_room,room light level,Lux,0,261,уровень освещённости в помещении,main_recommended,UCI Occupancy
159,2015-02-03 04:53:59,0.0,empty_room,room light level,Lux,0,262,уровень освещённости в помещении,main_recommended,UCI Occupancy
160,2015-02-03 04:59:59,0.0,empty_room,room light level,Lux,0,264,уровень освещённости в помещении,main_recommended,UCI Occupancy
161,2015-02-03 05:10:59,0.0,empty_room,room light level,Lux,0,267,уровень освещённости в помещении,main_recommended,UCI Occupancy
162,2015-02-03 05:17:00,0.0,empty_room,room light level,Lux,0,269,уровень освещённости в помещении,main_recommended,UCI Occupancy
163,2015-02-03 05:21:00,0.0,empty_room,room light level,Lux,0,270,уровень освещённости в помещении,main_recommended,UCI Occupancy
164,2015-02-03 05:26:59,0.0,empty_room,room light level,Lux,0,272,уровень освещённости в помещении,main_recommended,UCI Occupancy
165,2015-02-03 05:31:00,0.0,empty_room,room light level,Lux,0,273,уровень освещённости в помещении,main_recommended,UCI Occupancy
166,2015-02-03 05:37:00,0.0,empty_room,room light level,Lux,0,275,уровень освещённости в помещении,main_recommended,UCI Occupancy
167,2015-02-03 05:44:00,0.0,empty_room,room light level,Lux,0,277,уровень освещённости в помещении,main_recommended,UCI Occupancy
168,2015-02-03 05:47:00,0.0,empty_room,room light level,Lux,0,278,уровень освещённости в помещении,main_recommended,UCI Occupancy
169,2015-02-03 05:54:00,0.0,empty_room,room light level,Lux,0,280,уровень освещённости в помещении,main_recommended,UCI Occupancy
170,2015-02-03 05:57:00,0.0,empty_room,room light level,Lux,0,281,уровень освещённости в помещении,main_recommended,UCI Occupancy
171,2015-02-03 06:04:00,0.0,empty_room,room light level,Lux,0,283,уровень освещённости в помещении,main_recommended,UCI Occupancy
172,2015-02-03 06:10:59,0.0,empty_room,room light level,Lux,0,285,уровень освещённости в помещении,main_recommended,UCI Occupancy
173,2015-02-03 06:14:00,0.0,empty_room,room light level,Lux,0,286,уровень освещённости в помещении,main_recommended,UCI Occupancy
174,2015-02-03 06:21:00,0.0,empty_room,room light level,Lux,0,288,уровень освещённости в помещении,main_recommended,UCI Occupancy
175,2015-02-03 06:30:59,0.0,empty_room,room light level,Lux,0,291,уровень освещённости в помещении,main_recommended,UCI Occupancy
176,2015-02-03 06:36:59,0.0,empty_room,room light level,Lux,0,293,уровень освещённости в помещении,main_recommended,UCI Occupancy
177,2015-02-03 06:40:59,0.0,empty_room,room light level,Lux,0,294,уровень освещённости в помещении,main_recommended,UCI Occupancy
178,2015-02-03 06:47:00,0.0,empty_room,room light level,Lux,0,296,уровень освещённости в помещении,main_recommended,UCI Occupancy
179,2015-02-03 06:51:00,0.0,empty_room,room light level,Lux,0,297,уровень освещённости в помещении,main_recommended,UCI Occupancy
180,2015-02-03 06:56:59,0.0,empty_room,room light level,Lux,0,299,уровень освещённости в помещении,main_recommended,UCI Occupancy
181,2015-02-03 07:04:00,0.0,empty_room,room light level,Lux,0,301,уровень освещённости в помещении,main_recommended,UCI Occupancy
182,2015-02-03 07:07:00,0.0,empty_room,room light level,Lux,0,302,уровень освещённости в помещении,main_recommended,UCI Occupancy
183,2015-02-03 07:14:00,0.0,empty_room,room light level,Lux,0,304,уровень освещённости в помещении,main_recommended,UCI Occupancy
184,2015-02-03 07:17:00,0.0,empty_room,room light level,Lux,0,305,уровень освещённости в помещении,main_recommended,UCI Occupancy
185,2015-02-03 07:24:00,0.0,empty_room,room light level,Lux,0,307,уровень освещённости в помещении,main_recommended,UCI Occupancy
186,2015-02-03 07:33:00,0.0,empty_room,room light level,Lux,0,309,уровень освещённости в помещении,main_recommended,UCI Occupancy
187,2015-02-03 07:34:59,0.0,empty_room,room light level,Lux,0,310,уровень освещённости в помещении,main_recommended,UCI Occupancy
188,2015-02-03 07:37:00,413.666666666667,occupied_room,room light level,Lux,1,311,уровень освещённости в помещении,main_recommended,UCI Occupancy
189,2015-02-03 07:40:59,419.0,empty_room,room light level,Lux,0,312,уровень освещённости в помещении,main_recommended,UCI Occupancy
190,2015-02-03 07:46:00,413.5,occupied_room,room light level,Lux,1,313,уровень освещённости в помещении,main_recommended,UCI Occupancy
191,2015-02-03 07:47:59,397.4,occupied_room,room light level,Lux,1,314,уровень освещённости в помещении,main_recommended,UCI Occupancy
192,2015-02-03 07:52:00,399.5,occupied_room,room light level,Lux,1,315,уровень освещённости в помещении,main_recommended,UCI Occupancy
193,2015-02-03 07:59:59,412.2,occupied_room,room light level,Lux,1,317,уровень освещённости в помещении,main_recommended,UCI Occupancy
194,2015-02-03 08:03:00,405.0,occupied_room,room light level,Lux,1,318,уровень освещённости в помещении,main_recommended,UCI Occupancy
195,2015-02-03 08:08:00,419.0,occupied_room,room light level,Lux,1,320,уровень освещённости в помещении,main_recommended,UCI Occupancy
196,2015-02-03 08:17:00,419.0,occupied_room,room light level,Lux,1,323,уровень освещённости в помещении,main_recommended,UCI Occupancy
197,2015-02-03 08:25:00,422.5,occupied_room,room light level,Lux,1,325,уровень освещённости в помещении,main_recommended,UCI Occupancy
198,2015-02-03 08:26:59,433.0,occupied_room,room light level,Lux,1,326,уровень освещённости в помещении,main_recommended,UCI Occupancy
199,2015-02-03 08:36:00,433.0,occupied_room,room light level,Lux,1,328,уровень освещённости в помещении,main_recommended,UCI Occupancy
200,2015-02-03 08:38:59,440.0,occupied_room,room light level,Lux,1,329,уровень освещённости в помещении,main_recommended,UCI Occupancy
201,2015-02-03 08:45:59,442.5,occupied_room,room light level,Lux,1,331,уровень освещённости в помещении,main_recommended,UCI Occupancy
202,2015-02-03 08:51:59,429.0,occupied_room,room light level,Lux,1,333,уровень освещённости в помещении,main_recommended,UCI Occupancy
203,2015-02-03 08:55:00,429.0,occupied_room,room light level,Lux,1,334,уровень освещённости в помещении,main_recommended,UCI Occupancy
204,2015-02-03 09:02:00,444.0,occupied_room,room light level,Lux,1,336,уровень освещённости в помещении,main_recommended,UCI Occupancy
205,2015-02-03 09:04:00,444.0,occupied_room,room light level,Lux,1,337,уровень освещённости в помещении,main_recommended,UCI Occupancy
206,2015-02-03 09:10:00,444.0,empty_room,room light level,Lux,0,338,уровень освещённости в помещении,main_recommended,UCI Occupancy
207,2015-02-03 09:11:59,444.0,occupied_room,room light level,Lux,1,339,уровень освещённости в помещении,main_recommended,UCI Occupancy
208,2015-02-03 09:15:00,454.666666666667,occupied_room,room light level,Lux,1,340,уровень освещённости в помещении,main_recommended,UCI Occupancy
209,2015-02-03 09:19:00,451.6,occupied_room,room light level,Lux,1,341,уровень освещённости в помещении,main_recommended,UCI Occupancy
210,2015-02-03 09:23:00,460.0,occupied_room,room light level,Lux,1,342,уровень освещённости в помещении,main_recommended,UCI Occupancy
211,2015-02-03 09:27:00,439.0,occupied_room,room light level,Lux,1,344,уровень освещённости в помещении,main_recommended,UCI Occupancy
212,2015-02-03 09:30:59,454.0,occupied_room,room light level,Lux,1,345,уровень освещённости в помещении,main_recommended,UCI Occupancy
213,2015-02-03 09:40:00,463.0,occupied_room,room light level,Lux,1,347,уровень освещённости в помещении,main_recommended,UCI Occupancy
214,2015-02-03 09:43:59,469.0,occupied_room,room light level,Lux,1,349,уровень освещённости в помещении,main_recommended,UCI Occupancy
215,2015-02-03 09:49:59,462.333333333333,occupied_room,room light level,Lux,1,350,уровень освещённости в помещении,main_recommended,UCI Occupancy
216,2015-02-03 09:59:00,464.0,occupied_room,room light level,Lux,1,353,уровень освещённости в помещении,main_recommended,UCI Occupancy
217,2015-02-03 10:06:00,472.333333333333,occupied_room,room light level,Lux,1,355,уровень освещённости в помещении,main_recommended,UCI Occupancy
218,2015-02-03 10:11:00,474.0,occupied_room,room light level,Lux,1,357,уровень освещённости в помещении,main_recommended,UCI Occupancy
219,2015-02-03 10:14:59,474.0,occupied_room,room light level,Lux,1,358,уровень освещённости в помещении,main_recommended,UCI Occupancy
220,2015-02-03 10:23:00,480.6,occupied_room,room light level,Lux,1,360,уровень освещённости в помещении,main_recommended,UCI Occupancy
221,2015-02-03 10:24:00,495.25,occupied_room,room light level,Lux,1,361,уровень освещённости в помещении,main_recommended,UCI Occupancy
222,2015-02-03 10:33:00,499.0,occupied_room,room light level,Lux,1,363,уровень освещённости в помещении,main_recommended,UCI Occupancy
223,2015-02-03 10:38:00,502.0,occupied_room,room light level,Lux,1,365,уровень освещённости в помещении,main_recommended,UCI Occupancy
224,2015-02-03 10:40:59,493.0,occupied_room,room light level,Lux,1,366,уровень освещённости в помещении,main_recommended,UCI Occupancy
225,2015-02-03 10:50:00,503.0,occupied_room,room light level,Lux,1,368,уровень освещённости в помещении,main_recommended,UCI Occupancy
226,2015-02-03 10:52:00,518.0,occupied_room,room light level,Lux,1,369,уровень освещённости в помещении,main_recommended,UCI Occupancy
227,2015-02-03 10:59:59,513.0,occupied_room,room light level,Lux,1,371,уровень освещённости в помещении,main_recommended,UCI Occupancy
228,2015-02-03 11:06:00,534.25,occupied_room,room light level,Lux,1,373,уровень освещённости в помещении,main_recommended,UCI Occupancy
229,2015-02-03 11:08:00,523.0,occupied_room,room light level,Lux,1,374,уровень освещённости в помещении,main_recommended,UCI Occupancy
230,2015-02-03 11:18:00,535.0,occupied_room,room light level,Lux,1,377,уровень освещённости в помещении,main_recommended,UCI Occupancy
231,2015-02-03 11:23:59,553.4,occupied_room,room light level,Lux,1,379,уровень освещённости в помещении,main_recommended,UCI Occupancy
232,2015-02-03 11:31:00,555.0,occupied_room,room light level,Lux,1,381,уровень освещённости в помещении,main_recommended,UCI Occupancy
233,2015-02-03 11:37:00,555.0,occupied_room,room light level,Lux,1,382,уровень освещённости в помещении,main_recommended,UCI Occupancy
234,2015-02-03 11:41:00,550.5,occupied_room,room light level,Lux,1,384,уровень освещённости в помещении,main_recommended,UCI Occupancy
235,2015-02-03 11:47:00,548.0,occupied_room,room light level,Lux,1,385,уровень освещённости в помещении,main_recommended,UCI Occupancy
236,2015-02-03 11:48:00,535.714285714286,empty_room,room light level,Lux,0,386,уровень освещённости в помещении,main_recommended,UCI Occupancy
237,2015-02-03 11:51:00,549.333333333333,occupied_room,room light level,Lux,1,387,уровень освещённости в помещении,main_recommended,UCI Occupancy
238,2015-02-03 11:55:59,543.0,occupied_room,room light level,Lux,1,388,уровень освещённости в помещении,main_recommended,UCI Occupancy
239,2015-02-03 11:57:59,555.0,occupied_room,room light level,Lux,1,389,уровень освещённости в помещении,main_recommended,UCI Occupancy
240,2015-02-03 12:03:00,555.6,occupied_room,room light level,Lux,1,390,уровень освещённости в помещении,main_recommended,UCI Occupancy
241,2015-02-03 12:08:00,553.0,occupied_room,room light level,Lux,1,392,уровень освещённости в помещении,main_recommended,UCI Occupancy
242,2015-02-03 12:11:59,559.666666666667,occupied_room,room light level,Lux,1,393,уровень освещённости в помещении,main_recommended,UCI Occupancy
243,2015-02-03 12:16:00,601.0,occupied_room,room light level,Lux,1,394,уровень освещённости в помещении,main_recommended,UCI Occupancy
244,2015-02-03 12:17:59,616.0,occupied_room,room light level,Lux,1,395,уровень освещённости в помещении,main_recommended,UCI Occupancy
245,2015-02-03 12:21:00,575.0,empty_room,room light level,Lux,0,396,уровень освещённости в помещении,main_recommended,UCI Occupancy
246,2015-02-03 12:24:59,625.666666666667,occupied_room,room light level,Lux,1,397,уровень освещённости в помещении,main_recommended,UCI Occupancy
247,2015-02-03 12:29:59,659.4,occupied_room,room light level,Lux,1,398,уровень освещённости в помещении,main_recommended,UCI Occupancy
248,2015-02-03 12:30:59,644.6,occupied_room,room light level,Lux,1,399,уровень освещённости в помещении,main_recommended,UCI Occupancy
249,2015-02-03 12:35:00,668.5,occupied_room,room light level,Lux,1,400,уровень освещённости в помещении,main_recommended,UCI Occupancy
250,2015-02-03 12:38:00,654.2,occupied_room,room light level,Lux,1,401,уровень освещённости в помещении,main_recommended,UCI Occupancy
251,2015-02-03 12:46:00,651.0,occupied_room,room light level,Lux,1,403,уровень освещённости в помещении,main_recommended,UCI Occupancy
252,2015-02-03 12:52:00,668.0,occupied_room,room light level,Lux,1,405,уровень освещённости в помещении,main_recommended,UCI Occupancy
253,2015-02-03 12:53:59,647.8,occupied_room,room light level,Lux,1,406,уровень освещённости в помещении,main_recommended,UCI Occupancy
254,2015-02-03 13:02:59,660.0,occupied_room,room light level,Lux,1,408,уровень освещённости в помещении,main_recommended,UCI Occupancy
255,2015-02-03 13:07:00,653.166666666667,occupied_room,room light level,Lux,1,409,уровень освещённости в помещении,main_recommended,UCI Occupancy
256,2015-02-03 13:08:59,659.75,occupied_room,room light level,Lux,1,410,уровень освещённости в помещении,main_recommended,UCI Occupancy
257,2015-02-03 13:11:00,197.166666666667,empty_room,room light level,Lux,0,411,уровень освещённости в помещении,main_recommended,UCI Occupancy
258,2015-02-03 13:15:59,178.0,empty_room,room light level,Lux,0,412,уровень освещённости в помещении,main_recommended,UCI Occupancy
259,2015-02-03 13:18:00,186.0,empty_room,room light level,Lux,0,413,уровень освещённости в помещении,main_recommended,UCI Occupancy
260,2015-02-03 13:23:00,169.666666666667,empty_room,room light level,Lux,0,414,уровень освещённости в помещении,main_recommended,UCI Occupancy
261,2015-02-03 13:25:59,176.0,empty_room,room light level,Lux,0,415,уровень освещённости в помещении,main_recommended,UCI Occupancy
262,2015-02-03 13:30:00,171.0,empty_room,room light level,Lux,0,416,уровень освещённости в помещении,main_recommended,UCI Occupancy
263,2015-02-03 13:33:00,538.75,occupied_room,room light level,Lux,1,417,уровень освещённости в помещении,main_recommended,UCI Occupancy
264,2015-02-03 13:34:59,638.0,empty_room,room light level,Lux,0,418,уровень освещённости в помещении,main_recommended,UCI Occupancy
265,2015-02-03 13:38:59,547.0,occupied_room,room light level,Lux,1,419,уровень освещённости в помещении,main_recommended,UCI Occupancy
266,2015-02-03 13:41:59,597.75,occupied_room,room light level,Lux,1,420,уровень освещённости в помещении,main_recommended,UCI Occupancy
267,2015-02-03 13:46:00,587.0,occupied_room,room light level,Lux,1,421,уровень освещённости в помещении,main_recommended,UCI Occupancy
268,2015-02-03 13:57:00,585.75,occupied_room,room light level,Lux,1,424,уровень освещённости в помещении,main_recommended,UCI Occupancy
269,2015-02-03 13:59:00,592.75,occupied_room,room light level,Lux,1,425,уровень освещённости в помещении,main_recommended,UCI Occupancy
270,2015-02-03 14:06:00,569.333333333333,occupied_room,room light level,Lux,1,427,уровень освещённости в помещении,main_recommended,UCI Occupancy
271,2015-02-03 14:12:00,558.8,occupied_room,room light level,Lux,1,429,уровень освещённости в помещении,main_recommended,UCI Occupancy
272,2015-02-03 14:15:00,542.8,occupied_room,room light level,Lux,1,430,уровень освещённости в помещении,main_recommended,UCI Occupancy
273,2015-02-03 14:22:00,538.8,occupied_room,room light level,Lux,1,432,уровень освещённости в помещении,main_recommended,UCI Occupancy
274,2015-02-03 14:25:00,526.75,occupied_room,room light level,Lux,1,433,уровень освещённости в помещении,main_recommended,UCI Occupancy
275,2015-02-03 14:32:59,528.0,occupied_room,room light level,Lux,1,435,уровень освещённости в помещении,main_recommended,UCI Occupancy
276,2015-02-03 14:38:59,481.6,occupied_room,room light level,Lux,1,437,уровень освещённости в помещении,main_recommended,UCI Occupancy
277,2015-02-03 14:42:00,485.0,occupied_room,room light level,Lux,1,438,уровень освещённости в помещении,main_recommended,UCI Occupancy
278,2015-02-03 14:48:00,479.0,occupied_room,room light level,Lux,1,440,уровень освещённости в помещении,main_recommended,UCI Occupancy
279,2015-02-03 14:51:00,464.0,occupied_room,room light level,Lux,1,441,уровень освещённости в помещении,main_recommended,UCI Occupancy
280,2015-02-03 15:00:00,469.0,occupied_room,room light level,Lux,1,443,уровень освещённости в помещении,main_recommended,UCI Occupancy
281,2015-02-03 15:04:59,469.0,occupied_room,room light level,Lux,1,445,уровень освещённости в помещении,main_recommended,UCI Occupancy
282,2015-02-03 15:15:00,461.0,occupied_room,room light level,Lux,1,448,уровень освещённости в помещении,main_recommended,UCI Occupancy
283,2015-02-03 15:20:00,461.0,occupied_room,room light level,Lux,1,449,уровень освещённости в помещении,main_recommended,UCI Occupancy
284,2015-02-03 15:26:00,461.0,occupied_room,room light level,Lux,1,451,уровень освещённости в помещении,main_recommended,UCI Occupancy
285,2015-02-03 15:34:00,465.25,occupied_room,room light level,Lux,1,453,уровень освещённости в помещении,main_recommended,UCI Occupancy
286,2015-02-03 15:35:00,456.142857142857,occupied_room,room light level,Lux,1,454,уровень освещённости в помещении,main_recommended,UCI Occupancy
287,2015-02-03 15:40:59,454.0,occupied_room,room light level,Lux,1,456,уровень освещённости в помещении,main_recommended,UCI Occupancy
288,2015-02-03 15:45:00,454.0,occupied_room,room light level,Lux,1,457,уровень освещённости в помещении,main_recommended,UCI Occupancy
289,2015-02-03 15:52:00,465.25,occupied_room,room light level,Lux,1,459,уровень освещённости в помещении,main_recommended,UCI Occupancy
290,2015-02-03 15:58:00,454.0,occupied_room,room light level,Lux,1,461,уровень освещённости в помещении,main_recommended,UCI Occupancy
291,2015-02-03 16:01:00,442.0,occupied_room,room light level,Lux,1,462,уровень освещённости в помещении,main_recommended,UCI Occupancy
292,2015-02-03 16:08:00,444.0,occupied_room,room light level,Lux,1,464,уровень освещённости в помещении,main_recommended,UCI Occupancy
293,2015-02-03 16:11:00,444.0,occupied_room,room light level,Lux,1,465,уровень освещённости в помещении,main_recommended,UCI Occupancy
294,2015-02-03 16:18:00,444.0,occupied_room,room light level,Lux,1,467,уровень освещённости в помещении,main_recommended,UCI Occupancy
295,2015-02-03 16:25:00,440.25,occupied_room,room light level,Lux,1,469,уровень освещённости в помещении,main_recommended,UCI Occupancy
296,2015-02-03 16:34:59,441.0,occupied_room,room light level,Lux,1,472,уровень освещённости в помещении,main_recommended,UCI Occupancy
297,2015-02-03 16:38:00,443.4,occupied_room,room light level,Lux,1,473,уровень освещённости в помещении,main_recommended,UCI Occupancy
298,2015-02-03 16:46:00,447.0,occupied_room,room light level,Lux,1,475,уровень освещённости в помещении,main_recommended,UCI Occupancy
299,2015-02-03 16:53:59,447.0,occupied_room,room light level,Lux,1,477,уровень освещённости в помещении,main_recommended,UCI Occupancy
300,2015-02-03 16:54:59,439.0,occupied_room,room light level,Lux,1,478,уровень освещённости в помещении,main_recommended,UCI Occupancy
301,2015-02-03 17:02:00,433.0,occupied_room,room light level,Lux,1,480,уровень освещённости в помещении,main_recommended,UCI Occupancy
302,2015-02-03 17:05:00,433.0,occupied_room,room light level,Lux,1,481,уровень освещённости в помещении,main_recommended,UCI Occupancy
303,2015-02-03 17:10:59,433.0,occupied_room,room light level,Lux,1,483,уровень освещённости в помещении,main_recommended,UCI Occupancy
304,2015-02-03 17:18:00,433.0,occupied_room,room light level,Lux,1,485,уровень освещённости в помещении,main_recommended,UCI Occupancy
305,2015-02-03 17:21:00,433.0,occupied_room,room light level,Lux,1,486,уровень освещённости в помещении,main_recommended,UCI Occupancy
306,2015-02-03 17:28:00,433.0,occupied_room,room light level,Lux,1,488,уровень освещённости в помещении,main_recommended,UCI Occupancy
307,2015-02-03 17:31:00,433.0,occupied_room,room light level,Lux,1,489,уровень освещённости в помещении,main_recommended,UCI Occupancy
308,2015-02-03 17:38:59,433.0,occupied_room,room light level,Lux,1,491,уровень освещённости в помещении,main_recommended,UCI Occupancy
309,2015-02-03 17:44:59,433.0,occupied_room,room light level,Lux,1,493,уровень освещённости в помещении,main_recommended,UCI Occupancy
310,2015-02-03 17:55:00,419.0,occupied_room,room light level,Lux,1,496,уровень освещённости в помещении,main_recommended,UCI Occupancy
311,2015-02-03 18:00:00,419.0,occupied_room,room light level,Lux,1,497,уровень освещённости в помещении,main_recommended,UCI Occupancy
312,2015-02-03 18:04:59,419.0,occupied_room,room light level,Lux,1,499,уровень освещённости в помещении,main_recommended,UCI Occupancy
313,2015-02-03 18:10:00,415.5,occupied_room,room light level,Lux,1,500,уровень освещённости в помещении,main_recommended,UCI Occupancy
314,2015-02-03 18:13:00,0.0,empty_room,room light level,Lux,0,501,уровень освещённости в помещении,main_recommended,UCI Occupancy
315,2015-02-03 18:15:00,0.0,empty_room,room light level,Lux,0,502,уровень освещённости в помещении,main_recommended,UCI Occupancy
316,2015-02-03 18:17:59,0.0,empty_room,room light level,Lux,0,503,уровень освещённости в помещении,main_recommended,UCI Occupancy
317,2015-02-03 18:21:00,0.0,empty_room,room light level,Lux,0,504,уровень освещённости в помещении,main_recommended,UCI Occupancy
318,2015-02-03 18:24:59,0.0,empty_room,room light level,Lux,0,505,уровень освещённости в помещении,main_recommended,UCI Occupancy
319,2015-02-03 18:30:59,0.0,empty_room,room light level,Lux,0,507,уровень освещённости в помещении,main_recommended,UCI Occupancy
320,2015-02-03 18:38:00,0.0,empty_room,room light level,Lux,0,509,уровень освещённости в помещении,main_recommended,UCI Occupancy
321,2015-02-03 18:40:59,0.0,empty_room,room light level,Lux,0,510,уровень освещённости в помещении,main_recommended,UCI Occupancy
322,2015-02-03 18:48:00,0.0,empty_room,room light level,Lux,0,512,уровень освещённости в помещении,main_recommended,UCI Occupancy
323,2015-02-03 18:51:00,0.0,empty_room,room light level,Lux,0,513,уровень освещённости в помещении,main_recommended,UCI Occupancy
324,2015-02-03 18:58:00,0.0,empty_room,room light level,Lux,0,515,уровень освещённости в помещении,main_recommended,UCI Occupancy
325,2015-02-03 19:05:00,0.0,empty_room,room light level,Lux,0,517,уровень освещённости в помещении,main_recommended,UCI Occupancy
326,2015-02-03 19:08:00,0.0,empty_room,room light level,Lux,0,518,уровень освещённости в помещении,main_recommended,UCI Occupancy
327,2015-02-03 19:14:59,0.0,empty_room,room light level,Lux,0,520,уровень освещённости в помещении,main_recommended,UCI Occupancy
328,2015-02-03 19:18:00,0.0,empty_room,room light level,Lux,0,521,уровень освещённости в помещении,main_recommended,UCI Occupancy
329,2015-02-03 19:31:00,0.0,empty_room,room light level,Lux,0,525,уровень освещённости в помещении,main_recommended,UCI Occupancy
330,2015-02-03 19:34:59,0.0,empty_room,room light level,Lux,0,526,уровень освещённости в помещении,main_recommended,UCI Occupancy
331,2015-02-03 19:40:59,0.0,empty_room,room light level,Lux,0,528,уровень освещённости в помещении,main_recommended,UCI Occupancy
332,2015-02-03 19:45:00,0.0,empty_room,room light level,Lux,0,529,уровень освещённости в помещении,main_recommended,UCI Occupancy
333,2015-02-03 19:51:00,0.0,empty_room,room light level,Lux,0,531,уровень освещённости в помещении,main_recommended,UCI Occupancy
334,2015-02-03 19:58:00,0.0,empty_room,room light level,Lux,0,533,уровень освещённости в помещении,main_recommended,UCI Occupancy
335,2015-02-03 20:02:00,0.0,empty_room,room light level,Lux,0,534,уровень освещённости в помещении,main_recommended,UCI Occupancy
336,2015-02-03 20:08:00,0.0,empty_room,room light level,Lux,0,536,уровень освещённости в помещении,main_recommended,UCI Occupancy
337,2015-02-03 20:12:00,0.0,empty_room,room light level,Lux,0,537,уровень освещённости в помещении,main_recommended,UCI Occupancy
338,2015-02-03 20:18:00,0.0,empty_room,room light level,Lux,0,539,уровень освещённости в помещении,main_recommended,UCI Occupancy
339,2015-02-03 20:25:00,0.0,empty_room,room light level,Lux,0,541,уровень освещённости в помещении,main_recommended,UCI Occupancy
340,2015-02-03 20:28:00,0.0,empty_room,room light level,Lux,0,542,уровень освещённости в помещении,main_recommended,UCI Occupancy
341,2015-02-03 20:35:00,0.0,empty_room,room light level,Lux,0,544,уровень освещённости в помещении,main_recommended,UCI Occupancy
342,2015-02-03 20:38:00,0.0,empty_room,room light level,Lux,0,545,уровень освещённости в помещении,main_recommended,UCI Occupancy
343,2015-02-03 20:51:59,0.0,empty_room,room light level,Lux,0,549,уровень освещённости в помещении,main_recommended,UCI Occupancy
344,2015-02-03 20:55:00,0.0,empty_room,room light level,Lux,0,550,уровень освещённости в помещении,main_recommended,UCI Occupancy
345,2015-02-03 21:02:00,0.0,empty_room,room light level,Lux,0,552,уровень освещённости в помещении,main_recommended,UCI Occupancy
346,2015-02-03 21:04:59,0.0,empty_room,room light level,Lux,0,553,уровень освещённости в помещении,main_recommended,UCI Occupancy
347,2015-02-03 21:11:59,0.0,empty_room,room light level,Lux,0,555,уровень освещённости в помещении,main_recommended,UCI Occupancy
348,2015-02-03 21:17:59,0.0,empty_room,room light level,Lux,0,557,уровень освещённости в помещении,main_recommended,UCI Occupancy
349,2015-02-03 21:22:00,0.0,empty_room,room light level,Lux,0,558,уровень освещённости в помещении,main_recommended,UCI Occupancy
350,2015-02-03 21:28:00,0.0,empty_room,room light level,Lux,0,560,уровень освещённости в помещении,main_recommended,UCI Occupancy
351,2015-02-03 21:32:00,0.0,empty_room,room light level,Lux,0,561,уровень освещённости в помещении,main_recommended,UCI Occupancy
352,2015-02-03 21:38:00,0.0,empty_room,room light level,Lux,0,563,уровень освещённости в помещении,main_recommended,UCI Occupancy
353,2015-02-03 21:45:00,0.0,empty_room,room light level,Lux,0,565,уровень освещённости в помещении,main_recommended,UCI Occupancy
354,2015-02-03 21:48:00,0.0,empty_room,room light level,Lux,0,566,уровень освещённости в помещении,main_recommended,UCI Occupancy
355,2015-02-03 21:55:00,0.0,empty_room,room light level,Lux,0,568,уровень освещённости в помещении,main_recommended,UCI Occupancy
356,2015-02-03 21:58:00,0.0,empty_room,room light level,Lux,0,569,уровень освещённости в помещении,main_recommended,UCI Occupancy
357,2015-02-03 22:12:00,0.0,empty_room,room light level,Lux,0,573,уровень освещённости в помещении,main_recommended,UCI Occupancy
358,2015-02-03 22:14:59,0.0,empty_room,room light level,Lux,0,574,уровень освещённости в помещении,main_recommended,UCI Occupancy
359,2015-02-03 22:21:59,0.0,empty_room,room light level,Lux,0,576,уровень освещённости в помещении,main_recommended,UCI Occupancy
360,2015-02-03 22:25:00,0.0,empty_room,room light level,Lux,0,577,уровень освещённости в помещении,main_recommended,UCI Occupancy
361,2015-02-03 22:32:00,0.0,empty_room,room light level,Lux,0,579,уровень освещённости в помещении,main_recommended,UCI Occupancy
362,2015-02-03 22:38:00,0.0,empty_room,room light level,Lux,0,581,уровень освещённости в помещении,main_recommended,UCI Occupancy
363,2015-02-03 22:41:59,0.0,empty_room,room light level,Lux,0,582,уровень освещённости в помещении,main_recommended,UCI Occupancy
364,2015-02-03 22:47:59,0.0,empty_room,room light level,Lux,0,584,уровень освещённости в помещении,main_recommended,UCI Occupancy
365,2015-02-03 22:52:00,0.0,empty_room,room light level,Lux,0,585,уровень освещённости в помещении,main_recommended,UCI Occupancy
366,2015-02-03 22:58:00,0.0,empty_room,room light level,Lux,0,587,уровень освещённости в помещении,main_recommended,UCI Occupancy
367,2015-02-03 23:05:00,0.0,empty_room,room light level,Lux,0,589,уровень освещённости в помещении,main_recommended,UCI Occupancy
368,2015-02-03 23:08:00,0.0,empty_room,room light level,Lux,0,590,уровень освещённости в помещении,main_recommended,UCI Occupancy
369,2015-02-03 23:15:00,0.0,empty_room,room light level,Lux,0,592,уровень освещённости в помещении,main_recommended,UCI Occupancy
370,2015-02-03 23:18:00,0.0,empty_room,room light level,Lux,0,593,уровень освещённости в помещении,main_recommended,UCI Occupancy
371,2015-02-03 23:31:59,0.0,empty_room,room light level,Lux,0,597,уровень освещённости в помещении,main_recommended,UCI Occupancy
372,2015-02-03 23:35:00,0.0,empty_room,room light level,Lux,0,598,уровень освещённости в помещении,main_recommended,UCI Occupancy
373,2015-02-03 23:42:00,0.0,empty_room,room light level,Lux,0,600,уровень освещённости в помещении,main_recommended,UCI Occupancy
374,2015-02-03 23:44:59,0.0,empty_room,room light level,Lux,0,601,уровень освещённости в помещении,main_recommended,UCI Occupancy
375,2015-02-03 23:51:59,0.0,empty_room,room light level,Lux,0,603,уровень освещённости в помещении,main_recommended,UCI Occupancy
376,2015-02-03 23:55:00,0.0,empty_room,room light level,Lux,0,604,уровень освещённости в помещении,main_recommended,UCI Occupancy
377,2015-02-04 00:02:00,0.0,empty_room,room light level,Lux,0,606,уровень освещённости в помещении,main_recommended,UCI Occupancy
378,2015-02-04 00:08:00,0.0,empty_room,room light level,Lux,0,608,уровень освещённости в помещении,main_recommended,UCI Occupancy
379,2015-02-04 00:11:59,0.0,empty_room,room light level,Lux,0,609,уровень освещённости в помещении,main_recommended,UCI Occupancy
380,2015-02-04 00:17:59,0.0,empty_room,room light level,Lux,0,611,уровень освещённости в помещении,main_recommended,UCI Occupancy
381,2015-02-04 00:22:00,0.0,empty_room,room light level,Lux,0,612,уровень освещённости в помещении,main_recommended,UCI Occupancy
382,2015-02-04 00:28:00,0.0,empty_room,room light level,Lux,0,614,уровень освещённости в помещении,main_recommended,UCI Occupancy
383,2015-02-04 00:35:00,0.0,empty_room,room light level,Lux,0,616,уровень освещённости в помещении,main_recommended,UCI Occupancy
384,2015-02-04 00:38:00,0.0,empty_room,room light level,Lux,0,617,уровень освещённости в помещении,main_recommended,UCI Occupancy
385,2015-02-04 00:48:00,0.0,empty_room,room light level,Lux,0,620,уровень освещённости в помещении,main_recommended,UCI Occupancy
386,2015-02-04 00:55:00,0.0,empty_room,room light level,Lux,0,622,уровень освещённости в помещении,main_recommended,UCI Occupancy
387,2015-02-04 01:01:59,0.0,empty_room,room light level,Lux,0,624,уровень освещённости в помещении,main_recommended,UCI Occupancy
388,2015-02-04 01:05:00,0.0,empty_room,room light level,Lux,0,625,уровень освещённости в помещении,main_recommended,UCI Occupancy
389,2015-02-04 01:12:00,0.0,empty_room,room light level,Lux,0,627,уровень освещённости в помещении,main_recommended,UCI Occupancy
390,2015-02-04 01:14:59,0.0,empty_room,room light level,Lux,0,628,уровень освещённости в помещении,main_recommended,UCI Occupancy
391,2015-02-04 01:21:59,0.0,empty_room,room light level,Lux,0,630,уровень освещённости в помещении,main_recommended,UCI Occupancy
392,2015-02-04 01:28:59,0.0,empty_room,room light level,Lux,0,632,уровень освещённости в помещении,main_recommended,UCI Occupancy
393,2015-02-04 01:32:00,0.0,empty_room,room light level,Lux,0,633,уровень освещённости в помещении,main_recommended,UCI Occupancy
394,2015-02-04 01:38:59,0.0,empty_room,room light level,Lux,0,635,уровень освещённости в помещении,main_recommended,UCI Occupancy
395,2015-02-04 01:41:59,0.0,empty_room,room light level,Lux,0,636,уровень освещённости в помещении,main_recommended,UCI Occupancy
396,2015-02-04 01:49:00,0.0,empty_room,room light level,Lux,0,638,уровень освещённости в помещении,main_recommended,UCI Occupancy
397,2015-02-04 01:54:59,0.0,empty_room,room light level,Lux,0,640,уровень освещённости в помещении,main_recommended,UCI Occupancy
398,2015-02-04 01:59:00,0.0,empty_room,room light level,Lux,0,641,уровень освещённости в помещении,main_recommended,UCI Occupancy
399,2015-02-04 02:09:00,0.0,empty_room,room light level,Lux,0,644,уровень освещённости в помещении,main_recommended,UCI Occupancy
400,2015-02-04 02:15:00,0.0,empty_room,room light level,Lux,0,646,уровень освещённости в помещении,main_recommended,UCI Occupancy
401,2015-02-04 02:22:00,0.0,empty_room,room light level,Lux,0,648,уровень освещённости в помещении,main_recommended,UCI Occupancy
402,2015-02-04 02:25:00,0.0,empty_room,room light level,Lux,0,649,уровень освещённости в помещении,main_recommended,UCI Occupancy
403,2015-02-04 02:31:59,0.0,empty_room,room light level,Lux,0,651,уровень освещённости в помещении,main_recommended,UCI Occupancy
404,2015-02-04 02:35:00,0.0,empty_room,room light level,Lux,0,652,уровень освещённости в помещении,main_recommended,UCI Occupancy
405,2015-02-04 02:42:00,0.0,empty_room,room light level,Lux,0,654,уровень освещённости в помещении,main_recommended,UCI Occupancy
406,2015-02-04 02:49:00,0.0,empty_room,room light level,Lux,0,656,уровень освещённости в помещении,main_recommended,UCI Occupancy
407,2015-02-04 02:51:59,0.0,empty_room,room light level,Lux,0,657,уровень освещённости в помещении,main_recommended,UCI Occupancy
408,2015-02-04 02:58:59,0.0,empty_room,room light level,Lux,0,659,уровень освещённости в помещении,main_recommended,UCI Occupancy
409,2015-02-04 03:02:00,0.0,empty_room,room light level,Lux,0,660,уровень освещённости в помещении,main_recommended,UCI Occupancy
410,2015-02-04 03:08:59,0.0,empty_room,room light level,Lux,0,662,уровень освещённости в помещении,main_recommended,UCI Occupancy
411,2015-02-04 03:15:00,0.0,empty_room,room light level,Lux,0,664,уровень освещённости в помещении,main_recommended,UCI Occupancy
412,2015-02-04 03:19:00,0.0,empty_room,room light level,Lux,0,665,уровень освещённости в помещении,main_recommended,UCI Occupancy
413,2015-02-04 03:29:00,0.0,empty_room,room light level,Lux,0,668,уровень освещённости в помещении,main_recommended,UCI Occupancy
414,2015-02-04 03:35:00,0.0,empty_room,room light level,Lux,0,670,уровень освещённости в помещении,main_recommended,UCI Occupancy
415,2015-02-04 03:42:00,0.0,empty_room,room light level,Lux,0,672,уровень освещённости в помещении,main_recommended,UCI Occupancy
416,2015-02-04 03:45:00,0.0,empty_room,room light level,Lux,0,673,уровень освещённости в помещении,main_recommended,UCI Occupancy
417,2015-02-04 03:52:00,0.0,empty_room,room light level,Lux,0,675,уровень освещённости в помещении,main_recommended,UCI Occupancy
418,2015-02-04 03:55:00,0.0,empty_room,room light level,Lux,0,676,уровень освещённости в помещении,main_recommended,UCI Occupancy
419,2015-02-04 04:01:59,0.0,empty_room,room light level,Lux,0,678,уровень освещённости в помещении,main_recommended,UCI Occupancy
420,2015-02-04 04:08:59,0.0,empty_room,room light level,Lux,0,680,уровень освещённости в помещении,main_recommended,UCI Occupancy
421,2015-02-04 04:12:00,0.0,empty_room,room light level,Lux,0,681,уровень освещённости в помещении,main_recommended,UCI Occupancy
422,2015-02-04 04:19:00,0.0,empty_room,room light level,Lux,0,683,уровень освещённости в помещении,main_recommended,UCI Occupancy
423,2015-02-04 04:21:59,0.0,empty_room,room light level,Lux,0,684,уровень освещённости в помещении,main_recommended,UCI Occupancy
424,2015-02-04 04:28:59,0.0,empty_room,room light level,Lux,0,686,уровень освещённости в помещении,main_recommended,UCI Occupancy
425,2015-02-04 04:34:59,0.0,empty_room,room light level,Lux,0,688,уровень освещённости в помещении,main_recommended,UCI Occupancy
426,2015-02-04 04:38:59,0.0,empty_room,room light level,Lux,0,689,уровень освещённости в помещении,main_recommended,UCI Occupancy
427,2015-02-04 04:49:00,0.0,empty_room,room light level,Lux,0,692,уровень освещённости в помещении,main_recommended,UCI Occupancy
428,2015-02-04 04:54:59,0.0,empty_room,room light level,Lux,0,694,уровень освещённости в помещении,main_recommended,UCI Occupancy
429,2015-02-04 05:02:00,0.0,empty_room,room light level,Lux,0,696,уровень освещённости в помещении,main_recommended,UCI Occupancy
430,2015-02-04 05:05:00,0.0,empty_room,room light level,Lux,0,697,уровень освещённости в помещении,main_recommended,UCI Occupancy
431,2015-02-04 05:12:00,0.0,empty_room,room light level,Lux,0,699,уровень освещённости в помещении,main_recommended,UCI Occupancy
432,2015-02-04 05:15:00,0.0,empty_room,room light level,Lux,0,700,уровень освещённости в помещении,main_recommended,UCI Occupancy
433,2015-02-04 05:22:00,0.0,empty_room,room light level,Lux,0,702,уровень освещённости в помещении,main_recommended,UCI Occupancy
434,2015-02-04 05:29:00,0.0,empty_room,room light level,Lux,0,704,уровень освещённости в помещении,main_recommended,UCI Occupancy
435,2015-02-04 05:31:59,0.0,empty_room,room light level,Lux,0,705,уровень освещённости в помещении,main_recommended,UCI Occupancy
436,2015-02-04 05:38:59,0.0,empty_room,room light level,Lux,0,707,уровень освещённости в помещении,main_recommended,UCI Occupancy
437,2015-02-04 05:42:00,0.0,empty_room,room light level,Lux,0,708,уровень освещённости в помещении,main_recommended,UCI Occupancy
438,2015-02-04 05:49:00,0.0,empty_room,room light level,Lux,0,710,уровень освещённости в помещении,main_recommended,UCI Occupancy
439,2015-02-04 05:55:59,0.0,empty_room,room light level,Lux,0,712,уровень освещённости в помещении,main_recommended,UCI Occupancy
440,2015-02-04 05:58:59,0.0,empty_room,room light level,Lux,0,713,уровень освещённости в помещении,main_recommended,UCI Occupancy
441,2015-02-04 06:08:59,0.0,empty_room,room light level,Lux,0,716,уровень освещённости в помещении,main_recommended,UCI Occupancy
442,2015-02-04 06:16:00,0.0,empty_room,room light level,Lux,0,718,уровень освещённости в помещении,main_recommended,UCI Occupancy
443,2015-02-04 06:22:00,0.0,empty_room,room light level,Lux,0,720,уровень освещённости в помещении,main_recommended,UCI Occupancy
444,2015-02-04 06:26:00,0.0,empty_room,room light level,Lux,0,721,уровень освещённости в помещении,main_recommended,UCI Occupancy
445,2015-02-04 06:32:00,0.0,empty_room,room light level,Lux,0,723,уровень освещённости в помещении,main_recommended,UCI Occupancy
446,2015-02-04 06:36:00,0.0,empty_room,room light level,Lux,0,724,уровень освещённости в помещении,main_recommended,UCI Occupancy
447,2015-02-04 06:42:00,0.0,empty_room,room light level,Lux,0,726,уровень освещённости в помещении,main_recommended,UCI Occupancy
448,2015-02-04 06:49:00,0.0,empty_room,room light level,Lux,0,728,уровень освещённости в помещении,main_recommended,UCI Occupancy
449,2015-02-04 06:52:00,0.0,empty_room,room light level,Lux,0,729,уровень освещённости в помещении,main_recommended,UCI Occupancy
450,2015-02-04 06:59:00,0.0,empty_room,room light level,Lux,0,731,уровень освещённости в помещении,main_recommended,UCI Occupancy
451,2015-02-04 07:01:59,0.0,empty_room,room light level,Lux,0,732,уровень освещённости в помещении,main_recommended,UCI Occupancy
452,2015-02-04 07:08:59,0.0,empty_room,room light level,Lux,0,734,уровень освещённости в помещении,main_recommended,UCI Occupancy
453,2015-02-04 07:15:59,0.0,empty_room,room light level,Lux,0,736,уровень освещённости в помещении,main_recommended,UCI Occupancy
454,2015-02-04 07:19:00,0.0,empty_room,room light level,Lux,0,737,уровень освещённости в помещении,main_recommended,UCI Occupancy
455,2015-02-04 07:28:59,0.0,empty_room,room light level,Lux,0,740,уровень освещённости в помещении,main_recommended,UCI Occupancy
456,2015-02-04 07:34:59,0.0,empty_room,room light level,Lux,0,741,уровень освещённости в помещении,main_recommended,UCI Occupancy
457,2015-02-04 07:37:00,56.3333333333333,empty_room,room light level,Lux,0,742,уровень освещённости в помещении,main_recommended,UCI Occupancy
458,2015-02-04 07:38:59,426.0,occupied_room,room light level,Lux,1,743,уровень освещённости в помещении,main_recommended,UCI Occupancy
459,2015-02-04 07:41:59,419.0,occupied_room,room light level,Lux,1,744,уровень освещённости в помещении,main_recommended,UCI Occupancy
460,2015-02-04 07:46:00,409.8,occupied_room,room light level,Lux,1,745,уровень освещённости в помещении,main_recommended,UCI Occupancy
461,2015-02-04 07:49:00,414.6,empty_room,room light level,Lux,0,746,уровень освещённости в помещении,main_recommended,UCI Occupancy
462,2015-02-04 07:53:00,398.333333333333,occupied_room,room light level,Lux,1,747,уровень освещённости в помещении,main_recommended,UCI Occupancy
463,2015-02-04 07:56:00,412.2,occupied_room,room light level,Lux,1,748,уровень освещённости в помещении,main_recommended,UCI Occupancy
464,2015-02-04 07:59:00,405.0,occupied_room,room light level,Lux,1,749,уровень освещённости в помещении,main_recommended,UCI Occupancy
465,2015-02-04 08:03:00,405.0,occupied_room,room light level,Lux,1,750,уровень освещённости в помещении,main_recommended,UCI Occupancy
466,2015-02-04 08:10:59,419.0,occupied_room,room light level,Lux,1,752,уровень освещённости в помещении,main_recommended,UCI Occupancy
467,2015-02-04 08:13:59,419.0,occupied_room,room light level,Lux,1,753,уровень освещённости в помещении,main_recommended,UCI Occupancy
468,2015-02-04 08:21:00,433.0,occupied_room,room light level,Lux,1,755,уровень освещённости в помещении,main_recommended,UCI Occupancy
469,2015-02-04 08:23:59,442.5,occupied_room,room light level,Lux,1,756,уровень освещённости в помещении,main_recommended,UCI Occupancy
470,2015-02-04 08:26:59,429.0,occupied_room,room light level,Lux,1,757,уровень освещённости в помещении,main_recommended,UCI Occupancy
471,2015-02-04 08:31:00,444.0,occupied_room,room light level,Lux,1,758,уровень освещённости в помещении,main_recommended,UCI Occupancy
472,2015-02-04 08:35:00,444.0,empty_room,room light level,Lux,0,759,уровень освещённости в помещении,main_recommended,UCI Occupancy
473,2015-02-04 08:37:00,444.0,empty_room,room light level,Lux,0,760,уровень освещённости в помещении,main_recommended,UCI Occupancy
474,2015-02-04 08:39:59,460.0,occupied_room,room light level,Lux,1,761,уровень освещённости в помещении,main_recommended,UCI Occupancy
475,2015-02-04 08:43:00,451.6,occupied_room,room light level,Lux,1,762,уровень освещённости в помещении,main_recommended,UCI Occupancy
476,2015-02-04 08:48:00,459.25,occupied_room,room light level,Lux,1,763,уровень освещённости в помещении,main_recommended,UCI Occupancy
477,2015-02-04 08:51:00,454.0,occupied_room,room light level,Lux,1,764,уровень освещённости в помещении,main_recommended,UCI Occupancy
478,2015-02-04 08:55:00,469.0,occupied_room,room light level,Lux,1,765,уровень освещённости в помещении,main_recommended,UCI Occupancy
479,2015-02-04 08:57:00,462.333333333333,empty_room,room light level,Lux,0,766,уровень освещённости в помещении,main_recommended,UCI Occupancy
480,2015-02-04 08:58:59,462.333333333333,occupied_room,room light level,Lux,1,767,уровень освещённости в помещении,main_recommended,UCI Occupancy
481,2015-02-04 09:02:00,471.0,occupied_room,room light level,Lux,1,768,уровень освещённости в помещении,main_recommended,UCI Occupancy
482,2015-02-04 09:07:00,527.25,occupied_room,room light level,Lux,1,769,уровень освещённости в помещении,main_recommended,UCI Occupancy
483,2015-02-04 09:14:00,542.5,occupied_room,room light level,Lux,1,771,уровень освещённости в помещении,main_recommended,UCI Occupancy
484,2015-02-04 09:16:59,567.8,occupied_room,room light level,Lux,1,772,уровень освещённости в помещении,main_recommended,UCI Occupancy
485,2015-02-04 09:23:59,580.0,occupied_room,room light level,Lux,1,774,уровень освещённости в помещении,main_recommended,UCI Occupancy
486,2015-02-04 09:30:59,611.0,occupied_room,room light level,Lux,1,776,уровень освещённости в помещении,main_recommended,UCI Occupancy
487,2015-02-04 09:35:00,632.5,occupied_room,room light level,Lux,1,777,уровень освещённости в помещении,main_recommended,UCI Occupancy
488,2015-02-04 09:40:59,1697.25,occupied_room,room light level,Lux,1,779,уровень освещённости в помещении,main_recommended,UCI Occupancy
489,2015-02-04 09:42:59,685.75,occupied_room,room light level,Lux,1,780,уровень освещённости в помещении,main_recommended,UCI Occupancy
490,2015-02-04 09:51:00,686.5,occupied_room,room light level,Lux,1,782,уровень освещённости в помещении,main_recommended,UCI Occupancy
491,2015-02-04 10:00:00,719.2,occupied_room,room light level,Lux,1,785,уровень освещённости в помещении,main_recommended,UCI Occupancy
492,2015-02-04 10:07:00,747.0,occupied_room,room light level,Lux,1,787,уровень освещённости в помещении,main_recommended,UCI Occupancy
493,2015-02-04 10:09:59,737.8,occupied_room,room light level,Lux,1,788,уровень освещённости в помещении,main_recommended,UCI Occupancy
494,2015-02-04 10:15:59,755.5,occupied_room,room light level,Lux,1,790,уровень освещённости в помещении,main_recommended,UCI Occupancy
495,2015-02-04 10:23:00,758.333333333333,occupied_room,room light level,Lux,1,792,уровень освещённости в помещении,main_recommended,UCI Occupancy
496,2015-02-04 10:27:59,797.5,occupied_room,room light level,Lux,1,793,уровень освещённости в помещении,main_recommended,UCI Occupancy
497,2015-02-04 10:34:59,805.0,occupied_room,room light level,Lux,1,795,уровень освещённости в помещении,main_recommended,UCI Occupancy
498,2015-02-04 10:37:00,793.0,occupied_room,room light level,Lux,1,796,уровень освещённости в помещении,main_recommended,UCI Occupancy
499,2015-02-04 10:43:00,798.0,occupied_room,room light level,Lux,1,798,уровень освещённости в помещении,main_recommended,UCI Occupancy
